Estação,N__Lab_,X,Y,Folha,Ag (ppm),Al (%),As (ppm),Ba (ppm),Be,Bi (ppm),Ca (%),Cd (ppm),Ce (ppm),Co (ppm),Cr (ppm),Cs (ppm),Cu (ppm),Fe (%),Ga (ppm),Hf (ppm),Hg (ppm),In (ppm),K (%),La (ppm),Li (ppm),LREE (ppm),Mg (%),Mn (ppm),Mo (ppm),Nb (ppm),Ni (ppm),P (ppm),Pb (ppm),Rb (ppm),Sb (ppm),Sc (ppm),Sn (ppm),Sr (ppm),Th (ppm),Ti (%),U (ppm),V (ppm),W (ppm),Y (ppm),Zn (ppm),Zr (ppm)
AC-0040A,CDE 261,309858,7921157,Patos de Minas,0.05,3.1,6.0,217.0,1.9,0.32,0.07,0.09,105.62,20.1,79,2.36,39.6,5.8,11.0,0.16,0.04,0.11,0.16,34.6,10.0,140.22,0.07,544,1.19,2.9,41.8,870.0,20.9,18.8,0.57,9.8,2.1,15.3,9.0,0.06,1.69,94,0.1,7.78,61,12.2
AC-0041,CDE 262,312258,7918411,Patos de Minas,0.02,2.93,4.0,163.0,1.4,0.22,0.09,0.06,99.96,12.1,94,1.8,31.4,5.91,11.1,0.32,0.04,0.07,0.13,32.4,3.0,132.36,0.06,737,0.98,3.56,31.5,898.0,14.4,15.1,0.56,11.2,2.5,13.9,9.5,0.08,1.63,125,0.1,7.07,32,25.0
AC-0042,CDE 263,310746,7918587,Patos de Minas,0.08,3.5,6.0,245.0,1.7,0.26,0.11,0.14,102.28,34.3,107,2.34,42.9,8.07,12.0,0.4,0.04,0.03,0.21,33.5,9.0,135.78,0.11,2065,1.5,5.15,54.8,1158.0,17.9,19.8,0.56,12.4,2.7,20.2,9.8,0.11,1.7,130,0.2,8.69,50,30.2
AC-0043,CDE 264,309209,7916627,Patos de Minas,0.12,3.74,2.0,97.0,3.7,0.13,0.04,0.07,89.41,15.8,501,1.58,69.6,5.62,17.3,0.36,0.03,0.09,0.07,22.3,4.0,111.71,0.03,159,0.98,5.21,130.9,1352.0,8.5,6.6,0.46,17.3,3.9,19.2,8.4,0.13,2.48,186,0.2,21.9,49,23.0
AC-0044,CDE 265,314540,7917292,Patos de Minas,0.04,2.05,4.0,242.0,2.1,0.26,0.07,0.09,118.42,13.1,81,3.02,40.9,5.78,10.6,0.91,0.01,0.05,0.17,44.0,8.0,162.42,0.21,227,1.44,2.2,43.3,557.0,20.3,28.8,0.49,13.2,2.3,20.8,11.1,0.12,1.7,145,0.1,13.12,39,55.1
AC-0045,CDE 266,312312,7916103,Patos de Minas,0.08,3.16,2.0,150.0,1.4,0.09,0.13,0.05,135.1,20.3,533,0.79,39.3,5.9,12.2,0.24,0.03,0.08,0.03,34.6,1.0,169.7,0.09,365,1.41,5.73,119.7,1183.0,10.4,3.4,0.44,13.6,3.7,33.6,11.7,0.17,1.87,147,0.2,7.0,57,13.9
AC-0046,CDE 267,309915,7913907,Patos de Minas,0.07,1.58,3.0,299.0,1.7,0.05,0.14,0.1,103.31,47.6,281,0.88,47.1,7.6,8.3,0.53,0.01,0.06,0.04,38.4,1.0,141.71,0.1,1214,1.27,6.52,135.6,1676.0,7.2,7.6,0.28,11.4,2.5,47.3,8.2,0.16,1.56,124,0.2,10.11,42,25.3
AC-0047,CDE 268,315136,7912478,Patos de Minas,0.05,1.61,2.0,119.0,0.9,0.05,0.09,0.03,54.74,6.7,72,1.05,16.0,2.47,5.8,0.12,0.03,0.02,0.02,17.5,2.0,72.24,0.05,271,0.45,3.54,21.7,462.0,5.2,3.6,0.17,5.2,1.6,13.6,4.9,0.06,0.84,54,0.1,4.6,14,5.5
AC-0048,CDE 269,314578,7908161,Patos de Minas,0.07,2.08,3.0,301.0,2.2,0.12,0.17,0.14,154.87,61.6,389,1.62,36.5,6.22,8.7,0.34,0.04,0.02,0.14,62.7,7.0,217.57,0.51,489,1.36,11.52,349.4,1186.0,13.3,19.6,0.29,11.2,2.4,55.7,16.2,0.2,1.43,109,0.3,15.1,66,15.3
AC-0049,CDE 270,315094,7904547,Patos de Minas,0.04,1.85,3.0,347.0,2.3,0.07,0.1,0.08,111.57,32.0,140,1.83,36.8,5.75,8.4,0.49,0.03,0.02,0.14,46.8,4.0,158.37,0.27,965,0.75,7.28,91.2,1342.0,8.4,21.0,0.44,10.3,2.3,48.1,12.2,0.18,1.73,120,0.2,10.97,43,38.1
AC-0050A,CDE 271,314543,7905339,Patos de Minas,0.1,2.58,3.0,273.0,2.5,0.13,0.1,0.13,124.41,25.1,404,1.79,40.0,3.95,10.6,0.35,0.05,0.09,0.12,47.0,6.0,171.41,0.25,294,1.65,9.8,154.1,1005.0,12.5,22.4,0.45,12.5,3.4,36.1,11.8,0.21,1.75,128,0.3,13.96,54,24.0
AC-0051,CDE 272,312564,7903722,Patos de Minas,0.05,2.26,4.0,364.0,2.0,0.07,0.13,0.21,136.55,30.1,144,2.07,42.0,6.57,10.0,0.55,0.03,0.07,0.14,62.1,5.0,198.65,0.29,1104,1.18,8.67,79.6,1593.0,19.3,22.9,0.65,12.5,2.6,57.5,15.4,0.24,2.04,141,0.3,13.49,44,35.5
AC-0052,CDE 273,310238,7898780,Patos de Minas,0.07,3.0,4.0,779.0,3.8,0.11,0.23,0.16,203.96,18.8,95,2.6,41.1,5.97,12.5,0.49,0.02,0.06,0.11,72.1,14.0,276.06,0.1,288,1.81,20.64,46.2,1821.0,13.3,17.1,0.68,15.6,4.5,151.6,19.9,0.14,6.03,188,0.2,14.06,54,32.4
AC-0053,CDE 274,309060,7900408,Patos de Minas,0.1,3.28,4.0,486.0,2.1,0.07,1.35,0.16,469.6,33.8,164,1.39,53.7,10.59,15.4,0.74,0.03,0.1,0.09,227.3,3.0,696.9,0.3,707,0.97,13.02,81.6,8323.0,13.6,13.8,0.73,29.5,4.4,509.7,31.9,0.39,3.4,200,0.2,22.15,38,52.6
AC-0054,CDE 275,308226,7898727,Patos de Minas,0.12,4.92,5.0,539.0,3.1,0.15,0.23,0.14,238.56,22.5,113,3.12,58.4,8.07,17.2,0.78,0.04,0.15,0.09,100.2,9.0,338.76,0.21,367,1.64,14.91,58.8,2881.0,13.0,17.3,0.81,25.4,5.6,163.9,18.2,0.27,4.49,224,0.3,17.76,57,52.0
AC-0055,CDE 276,306131,7899270,Patos de Minas,0.06,2.09,4.0,271.0,1.3,0.05,0.08,0.02,79.62,18.0,76,1.27,32.9,5.55,8.1,0.32,0.02,0.04,0.06,30.6,3.0,110.22,0.07,596,0.98,4.97,38.8,1415.0,6.7,8.6,0.46,9.2,2.4,50.2,3.9,0.1,1.48,98,0.1,8.23,25,15.0
AC-0056,CDE 277,322405,7924909,Patos de Minas,0.07,1.25,6.0,83.0,1.0,0.27,0.03,0.03,43.94,15.2,37,1.3,23.6,3.78,5.5,0.05,0.01,0.02,0.08,17.0,3.0,60.94,0.05,583,0.47,0.57,20.8,477.0,20.9,7.4,0.47,4.2,1.4,3.0,4.8,0.02,0.86,41,0.1,4.9,38,3.0
AC-0057,CDE 278,322391,7924874,Patos de Minas,0.04,2.76,6.0,101.0,1.3,0.47,0.02,0.02,72.0,12.2,40,1.77,26.1,4.34,9.6,0.08,0.01,0.03,0.1,22.3,5.0,94.3,0.04,579,0.65,0.43,14.4,385.0,30.0,11.2,0.68,7.4,1.8,3.5,8.4,0.01,1.28,66,0.1,7.16,23,4.7
AC-0058,CDE 279,317351,7924177,Patos de Minas,0.07,1.88,6.0,91.0,0.9,0.24,0.08,0.06,43.51,14.8,43,1.2,21.4,3.75,6.1,0.05,0.04,0.02,0.07,15.3,3.0,58.81,0.06,599,0.75,0.89,20.9,405.0,16.8,8.8,0.51,5.0,1.3,4.6,4.3,0.02,0.95,47,0.1,4.73,33,3.4
AC-0059,CDI 143,289860,7930907,Patos de Minas,0.04,1.54,4.0,30.0,0.2,0.12,0.01,0.02,28.72,1.5,18,0.69,9.8,1.74,4.4,0.07,0.02,0.03,0.06,13.5,1.0,42.22,0.01,44,0.83,0.32,3.5,106.0,7.8,6.0,0.26,1.6,1.2,2.6,5.5,0.01,0.63,38,1.0,2.42,8,3.6
AC-0060A,CDI 144,292856,7934772,Patos de Minas,0.12,1.86,2.0,27.0,0.1,0.1,0.01,0.01,47.75,0.7,58,0.83,12.3,1.15,5.2,0.05,0.01,0.03,0.04,31.1,1.0,78.85,0.01,42,8.59,0.36,5.4,127.0,11.1,4.6,0.23,2.7,1.5,2.2,3.8,0.01,0.61,37,1.2,6.72,3,1.3
AC-0061,CDI 145,295216,7934503,Patos de Minas,0.06,3.52,4.0,24.0,0.2,0.18,0.01,0.02,18.77,1.2,30,0.69,9.3,2.33,9.7,0.21,0.01,0.05,0.03,8.2,1.0,26.97,0.01,40,1.07,0.38,4.2,133.0,7.0,3.4,0.3,3.5,1.9,2.1,5.9,0.01,0.52,62,0.7,1.9,5,9.0
AC-0062,CDI 146,297195,7935627,Patos de Minas,0.28,4.97,5.0,19.0,0.2,0.28,0.01,0.01,14.59,1.2,62,0.52,9.5,2.81,14.4,0.44,0.02,0.07,0.03,6.2,1.0,20.79,0.01,34,5.42,0.52,6.6,154.0,7.1,2.5,0.44,4.5,2.9,2.2,7.8,0.01,0.53,79,0.7,1.66,6,15.2
AC-0063,CDI 147,296698,7931248,Patos de Minas,0.13,5.66,4.0,32.0,0.5,0.27,0.01,0.02,41.97,0.9,56,1.49,17.8,2.94,16.8,0.47,0.01,0.1,0.06,20.7,2.0,62.67,0.01,35,1.14,0.3,7.0,187.0,13.6,7.2,0.4,6.7,2.6,1.6,10.7,0.01,0.89,110,0.7,3.9,6,18.4
AC-0064,CDI 148,292850,7934800,Patos de Minas,0.05,1.9,3.0,37.0,0.3,0.12,0.01,0.01,25.22,0.6,48,0.73,11.9,1.63,5.6,0.05,0.01,0.04,0.09,12.7,1.0,37.92,0.01,35,6.28,0.21,3.9,119.0,6.9,8.7,0.29,1.4,1.4,3.1,6.4,0.01,0.69,41,2.4,1.89,5,2.6
AC-0065,CDI 149,289153,7934848,Patos de Minas,0.09,1.49,8.0,84.0,0.9,0.32,0.02,0.07,73.43,17.5,39,1.22,33.7,4.2,5.7,0.16,0.04,0.03,0.18,34.5,7.0,107.93,0.06,227,0.98,0.39,19.9,445.0,32.3,14.9,0.83,2.1,0.9,5.4,9.8,0.01,1.01,70,1.5,5.76,50,7.7
AC-0066,CDI 150,293344,7934605,Patos de Minas,0.07,2.74,4.0,23.0,0.3,0.17,0.01,0.01,24.18,1.8,55,0.79,18.4,2.5,8.5,0.13,0.01,0.05,0.03,11.3,1.0,35.48,0.01,49,5.88,0.35,7.1,148.0,8.8,3.1,0.32,4.4,1.7,2.0,4.9,0.01,0.56,64,0.5,2.48,8,7.1
AC-0067,CDI 151,289108,7937968,Patos de Minas,0.05,1.92,5.0,38.0,0.3,0.21,0.01,0.01,39.69,6.3,33,0.73,21.3,3.01,6.0,0.14,0.02,0.04,0.08,18.4,3.0,58.09,0.02,188,1.0,0.39,8.4,210.0,13.5,5.9,0.41,2.1,1.6,3.5,6.9,0.01,0.67,65,0.7,2.82,22,8.7
AC-0068,CDI 152,295199,7933566,Patos de Minas,0.07,3.5,2.0,26.0,0.6,0.22,0.01,0.01,103.5,1.5,70,1.35,23.0,1.91,10.4,0.27,0.01,0.07,0.05,33.6,2.0,137.1,0.01,39,6.69,0.35,7.7,236.0,19.4,4.6,0.29,5.2,2.1,1.7,8.3,0.01,1.02,82,0.4,12.39,9,11.1
AC-0069,CDI 153,289250,7929010,Patos de Minas,0.1,1.09,4.0,49.0,0.4,0.17,0.01,0.03,47.74,5.0,17,0.56,19.4,2.06,3.7,0.06,0.01,0.03,0.08,22.8,2.0,70.54,0.01,63,0.64,0.35,9.1,164.0,14.5,7.4,0.34,1.4,0.9,3.7,8.3,0.01,0.89,48,0.8,2.87,26,3.4
AC-0070A,CDI 154,294020,7950512,Patos de Minas,0.08,2.18,3.0,24.0,0.2,0.09,0.01,0.02,18.81,0.7,77,0.53,10.3,1.71,5.7,0.05,0.02,0.04,0.05,6.1,1.0,24.91,0.01,51,9.11,0.47,5.1,152.0,6.1,4.2,0.31,2.4,1.5,1.6,4.0,0.01,0.52,53,0.4,1.05,5,1.7
BM-0163,CDD914,334618,7925398,Patos de Minas,0.05,1.68,7.0,74.0,1.2,0.32,0.06,0.03,64.33,11.1,33,1.13,22.7,4.26,5.9,0.21,0.04,0.05,0.14,31.9,2.0,96.23,0.05,547,0.7,0.29,16.7,392.0,18.0,8.1,0.58,4.6,1.6,4.0,7.6,0.01,0.86,47,0.5,7.83,38,8.9
BM-0164,CDD915,331445,7924490,Patos de Minas,0.05,1.56,7.0,94.0,1.0,0.28,0.06,0.04,54.72,16.3,31,1.04,21.5,4.44,4.9,0.1,0.04,0.03,0.15,27.5,3.0,82.22,0.04,1048,0.6,0.34,20.5,449.0,16.8,7.4,0.49,3.9,1.4,4.5,6.0,0.01,0.77,44,0.6,7.21,42,3.8
BM-0165,CDD916,335210,7917621,Patos de Minas,0.06,2.63,10.0,112.0,1.4,0.49,0.05,0.03,84.49,15.2,52,1.3,29.6,5.57,7.7,0.41,0.03,0.02,0.27,37.6,5.0,122.09,0.07,922,0.97,0.25,26.7,364.0,33.0,12.0,0.99,6.8,1.8,4.5,9.7,0.01,0.96,69,0.3,9.96,42,13.2
BM-0166,CDD917,332990,7916540,Patos de Minas,0.07,1.36,3.0,91.0,0.8,0.22,0.1,0.05,47.75,6.4,34,0.61,27.1,2.83,4.0,0.08,0.04,0.03,0.22,32.4,1.0,80.15,0.06,367,0.72,0.48,14.8,1259.0,17.5,9.2,0.53,3.2,1.6,7.0,4.4,0.01,0.82,35,0.7,8.67,69,1.9
BM-0167,CDD918,334988,7914937,Patos de Minas,0.04,0.83,1.0,62.0,0.5,0.12,0.04,0.06,32.75,5.9,72,0.61,9.5,1.91,2.5,0.18,0.02,0.02,0.09,15.0,1.0,47.75,0.04,281,0.43,1.37,14.3,258.0,13.0,4.8,0.23,2.3,1.2,7.3,4.3,0.05,0.56,27,0.6,2.62,26,10.0
BM-0168,CDD919,333863,7921069,Patos de Minas,0.13,3.29,19.0,77.0,1.1,0.42,0.06,0.11,93.0,18.1,43,1.28,31.2,15.0,9.0,0.79,0.03,0.02,0.2,46.2,1.0,139.2,0.04,1096,1.58,0.77,20.8,650.0,40.0,8.2,1.08,7.7,2.2,4.6,9.2,0.02,1.07,76,0.3,12.04,31,18.5
BM-0169,CDD920,333160,7910365,Patos de Minas,0.07,1.55,6.0,60.0,0.9,0.29,0.02,0.03,66.29,10.0,30,0.86,21.3,3.44,5.2,0.24,0.04,0.08,0.15,34.1,1.0,100.39,0.03,287,0.39,0.27,14.0,374.0,12.2,6.7,0.7,4.2,1.6,1.7,7.5,0.01,0.84,57,1.0,8.31,35,9.3
BM-0170A,CDD921,332827,7914155,Patos de Minas,0.07,5.8,9.0,181.0,1.3,0.52,0.08,0.03,84.15,19.3,76,1.97,27.6,7.25,13.8,0.65,0.04,0.05,0.29,24.3,20.0,108.45,0.11,1875,1.37,0.47,31.7,618.0,25.1,18.3,1.16,11.9,3.1,7.2,13.0,0.02,1.55,118,1.0,7.08,42,22.6
BM-0171,CDD922,332073,7906702,Patos de Minas,0.05,3.26,9.0,84.0,1.2,0.4,0.05,0.05,71.72,18.8,43,1.64,26.3,7.96,8.3,0.27,0.05,0.04,0.22,35.1,3.0,106.82,0.06,1202,0.85,0.39,23.6,376.0,25.5,9.9,0.89,7.0,2.0,3.9,8.8,0.01,0.97,71,0.3,10.32,38,11.0
BM-0172,CDD923,331356,7907290,Patos de Minas,0.1,3.71,8.0,70.0,0.9,0.39,0.05,0.02,78.39,9.9,75,1.3,46.9,6.18,8.9,0.53,0.01,0.02,0.18,32.2,2.0,110.59,0.05,418,1.28,0.63,67.1,439.0,18.9,8.7,1.1,9.0,2.9,4.2,9.7,0.01,1.13,93,0.4,8.95,45,20.0
BM-0173,CDD924,332885,7908724,Patos de Minas,0.05,3.67,8.0,100.0,1.1,0.39,0.05,0.04,69.9,12.9,44,1.83,25.1,6.97,8.7,0.09,0.06,0.06,0.23,33.7,3.0,103.6,0.05,725,0.85,0.59,18.7,696.0,15.2,10.3,0.85,7.9,2.3,3.6,7.6,0.01,0.96,81,0.3,9.67,60,4.3
BM-0174,CDD925,332011,7908847,Patos de Minas,0.07,9.38,9.0,112.0,1.0,0.57,0.06,0.05,88.1,8.2,95,3.69,40.3,8.31,17.6,1.33,0.01,0.12,0.39,28.2,14.0,116.3,0.13,532,2.68,0.77,57.5,554.0,23.8,24.3,1.38,16.1,4.3,6.0,13.4,0.02,1.79,188,0.7,8.27,52,35.6
BM-0175,CDD926,336480,7910713,Patos de Minas,0.09,2.62,10.0,76.0,1.6,0.44,0.05,0.15,64.75,22.2,70,1.12,25.7,7.56,7.6,0.36,0.04,0.04,0.18,28.6,2.0,93.35,0.06,1329,1.36,0.4,28.4,698.0,48.6,8.4,1.3,7.2,1.8,4.5,8.7,0.01,1.17,89,0.5,9.29,66,12.5
BM-0176,CDD927,335775,7912663,Patos de Minas,0.06,3.65,8.0,98.0,1.3,0.43,0.06,0.04,76.42,21.8,56,1.55,24.8,6.39,9.0,0.21,0.05,0.07,0.18,34.3,4.0,110.72,0.05,2851,1.12,0.49,24.0,576.0,26.6,9.3,0.95,8.1,2.4,5.4,9.0,0.01,1.2,92,0.3,10.04,50,8.3
BM-0177,CDD928,331063,7915432,Patos de Minas,0.07,1.86,4.0,144.0,1.2,0.21,0.07,0.07,63.77,14.9,81,1.29,20.1,3.92,5.2,0.32,0.03,0.04,0.13,26.0,3.0,89.77,0.1,843,0.61,2.07,35.3,769.0,13.6,9.1,0.36,5.9,1.7,12.8,7.5,0.05,0.98,62,0.3,5.76,42,21.1
BM-0178,CDI 155,323775,7939798,Patos de Minas,0.07,1.45,9.0,74.0,1.0,0.22,0.05,0.04,75.13,12.9,23,1.27,28.0,4.53,5.5,0.07,0.01,0.03,0.12,31.4,4.0,106.53,0.02,335,0.81,0.31,15.0,701.0,18.1,9.8,0.7,2.5,1.1,5.6,6.5,0.01,1.18,33,0.3,5.84,49,1.9
BM-0179,CDI 156,319960,7940118,Patos de Minas,0.12,0.87,7.0,61.0,0.9,0.25,0.06,0.08,46.67,12.3,62,1.05,24.1,4.15,4.1,0.19,0.01,0.03,0.14,22.7,4.0,69.37,0.04,388,9.45,0.34,19.1,304.0,19.5,8.5,0.65,1.4,1.0,5.1,5.7,0.01,0.66,32,0.6,5.16,40,4.8
BM-0180A,CDI 157,327316,7953453,Patos de Minas,0.13,1.87,5.0,655.0,2.6,0.24,0.14,0.05,147.98,62.0,223,1.58,68.5,8.71,12.4,1.18,0.01,0.08,0.25,80.4,11.0,228.38,0.42,1778,0.66,1.99,100.5,1495.0,24.5,22.6,0.7,11.1,3.0,132.8,15.0,0.29,2.33,129,0.3,16.05,68,50.0
BM-0181,CDI 158,328077,7945793,Patos de Minas,0.06,1.24,7.0,213.0,1.3,0.39,0.13,0.04,88.48,39.0,87,1.3,50.7,5.11,6.7,0.64,0.01,0.04,0.23,36.4,11.0,124.88,0.24,1330,4.98,1.39,50.9,639.0,33.8,14.2,1.12,3.5,1.4,26.6,8.8,0.07,1.11,58,0.4,9.75,54,20.2
BM-0182,CDI 159,320114,7953155,Patos de Minas,0.14,3.88,2.0,362.0,2.0,0.11,0.02,0.05,118.93,11.0,203,0.95,96.6,3.85,20.4,0.89,0.03,0.13,0.03,64.2,2.0,183.13,0.04,157,0.74,2.27,67.3,1035.0,12.6,4.1,0.31,17.7,4.6,88.1,12.2,0.15,3.27,166,0.1,10.02,18,58.6
BM-0183,CDI 160,316955,7947324,Patos de Minas,0.05,0.78,11.0,75.0,1.0,0.38,0.04,0.03,66.14,19.8,59,1.0,34.3,5.28,4.5,0.37,0.01,0.02,0.16,27.9,7.0,94.04,0.08,543,7.49,0.5,25.6,318.0,30.6,8.5,1.1,1.9,1.0,9.3,9.0,0.01,1.06,43,0.4,5.31,42,10.1
BM-0184,CDI 161,314250,7951624,Patos de Minas,0.08,1.04,6.0,118.0,1.3,0.31,0.08,0.04,72.9,24.2,47,1.57,31.2,4.13,5.4,0.42,0.02,0.02,0.2,36.0,14.0,108.9,0.17,764,0.76,0.63,29.9,405.0,25.7,11.2,0.64,2.2,1.2,11.4,7.7,0.02,0.81,41,0.7,9.65,54,12.5
BM-0185,CDI 162,314548,7951831,Patos de Minas,0.1,1.04,9.0,168.0,1.1,0.29,0.09,0.02,78.98,26.1,89,1.26,38.6,5.56,5.7,0.63,0.01,0.03,0.2,37.1,10.0,116.08,0.2,734,6.78,0.7,42.6,550.0,25.7,11.5,0.9,3.4,1.1,28.0,8.8,0.04,1.07,55,0.3,7.93,52,22.6
BM-0186,CDI 163,322567,7948285,Patos de Minas,0.09,1.58,10.0,115.0,1.6,0.42,0.08,0.04,106.86,36.9,101,1.44,39.1,5.63,7.1,0.39,0.01,0.03,0.24,41.2,12.0,148.06,0.12,920,7.74,0.55,44.0,427.0,43.5,13.7,1.35,3.7,1.3,8.0,9.1,0.02,1.15,65,0.5,14.57,55,11.1
BM-0187,CDI 164,325526,7949574,Patos de Minas,0.06,1.52,7.0,110.0,1.1,0.39,0.07,0.04,80.99,25.4,73,1.5,32.7,4.59,6.9,0.28,0.01,0.03,0.18,38.0,8.0,118.99,0.13,1080,4.92,0.87,29.9,362.0,29.4,11.1,0.96,2.9,1.4,9.5,8.9,0.02,0.98,51,0.9,11.31,47,6.0
BM-0188,CDI 165,324722,7952004,Patos de Minas,0.15,1.03,5.0,173.0,1.2,0.26,0.08,0.02,63.75,19.4,104,1.12,30.4,4.18,5.5,0.43,0.01,0.03,0.16,33.7,8.0,97.45,0.19,793,6.79,0.95,34.8,528.0,20.5,10.7,0.62,3.0,1.4,25.3,7.4,0.08,0.98,51,0.9,8.52,44,17.9
BM-0189,CDI 166,325439,7951623,Patos de Minas,0.04,1.32,6.0,257.0,1.8,0.35,0.1,0.03,99.55,34.6,102,1.14,35.7,5.57,7.5,0.52,0.01,0.04,0.19,44.1,8.0,143.65,0.21,1387,0.47,1.21,50.2,794.0,30.7,13.0,0.59,4.4,1.5,38.5,9.7,0.11,1.33,72,0.4,10.69,63,18.0
BM-0190A,CDI 167,321039,7946437,Patos de Minas,0.03,2.15,8.0,127.0,1.6,0.34,0.08,0.04,96.93,28.7,63,1.21,32.9,5.36,8.8,0.26,0.02,0.04,0.19,37.6,10.0,134.53,0.12,1394,0.7,0.53,34.3,562.0,33.3,12.0,0.66,4.4,1.7,11.5,8.5,0.02,1.32,68,0.5,12.42,56,4.8
BM-0191,CDI 168,322062,7946393,Patos de Minas,0.03,1.51,6.0,97.0,1.5,0.37,0.08,0.06,79.12,24.7,89,1.02,42.4,4.55,7.0,0.17,0.01,0.03,0.17,41.3,8.0,120.42,0.08,1683,3.23,0.51,25.6,440.0,25.6,10.8,0.65,3.2,1.2,6.1,7.9,0.01,1.04,55,0.5,12.22,55,0.5
BM-0192,CDI 169,321811,7947897,Patos de Minas,0.03,1.22,6.0,86.0,1.1,0.3,0.07,0.07,64.86,18.4,55,0.94,26.5,4.0,6.2,0.26,0.01,0.03,0.14,29.7,6.0,94.56,0.09,872,0.59,0.48,23.6,415.0,24.6,8.6,0.52,2.7,1.2,8.5,7.1,0.02,1.04,48,0.4,9.02,46,5.5
BM-0193,CDI 170,323953,7942545,Patos de Minas,0.06,3.0,9.0,104.0,1.3,0.49,0.08,0.04,119.17,42.9,80,1.32,41.3,5.86,10.7,0.3,0.01,0.06,0.22,43.2,19.0,162.37,0.13,1210,3.96,0.72,46.0,450.0,42.2,15.6,0.96,5.4,2.0,9.4,10.7,0.02,1.37,77,0.5,13.71,61,6.6
BM-0194,CDI 171,314635,7948981,Patos de Minas,0.16,1.88,6.0,195.0,1.6,0.31,0.12,0.06,73.28,22.9,118,1.63,42.1,6.75,9.8,0.95,0.01,0.05,0.24,35.6,22.0,108.88,0.3,862,0.8,0.68,47.3,655.0,24.1,10.1,0.45,7.1,1.9,26.1,10.0,0.08,1.56,90,0.2,10.77,75,30.9
BM-0195,CDI 172,317408,7943768,Patos de Minas,0.04,0.83,14.0,104.0,0.8,0.43,0.03,0.08,67.84,18.8,65,0.77,41.9,5.8,4.4,0.3,0.01,0.03,0.18,26.3,6.0,94.14,0.06,690,9.12,0.34,25.5,321.0,32.3,8.6,1.01,1.8,1.0,9.4,9.4,0.01,1.14,42,0.5,5.1,48,7.3
BM-0196,CDI 173,315374,7940127,Patos de Minas,0.04,0.98,23.0,123.0,1.0,0.6,0.03,0.04,57.36,20.0,29,0.74,53.2,7.85,4.9,0.31,0.01,0.04,0.21,18.5,10.0,75.86,0.08,796,1.76,0.4,24.9,368.0,39.1,9.6,1.64,3.0,0.8,12.7,11.1,0.01,1.04,55,0.6,3.28,64,7.4
BM-0197,CDI 174,315875,7941469,Patos de Minas,0.05,0.78,12.0,66.0,0.7,0.35,0.07,0.04,34.13,16.3,47,0.72,24.6,5.69,2.7,0.2,0.01,0.03,0.22,14.1,6.0,48.23,0.07,474,7.12,0.49,27.9,312.0,21.6,8.9,1.07,1.3,0.9,14.4,8.3,0.01,0.76,31,0.4,3.19,64,3.9
EC-0123,CDE210,322821,7906842,Patos de Minas,0.04,5.36,9.0,87.0,0.9,0.43,0.06,0.02,87.19,9.0,57,2.69,39.5,6.56,19.0,0.59,0.02,0.11,0.18,31.3,3.0,118.49,0.05,608,0.86,0.94,22.6,478.0,19.7,13.5,0.69,11.9,2.3,5.6,12.7,0.02,1.48,112,0.2,8.4,33,28.1
EC-0124,CDE211,321352,7910059,Patos de Minas,0.03,8.71,10.0,82.0,1.2,0.44,0.07,0.02,106.06,6.3,110,3.61,42.2,7.47,28.8,0.9,0.02,0.16,0.2,25.2,7.0,131.26,0.08,292,1.34,2.53,32.3,627.0,22.5,23.2,0.96,19.6,3.8,5.2,16.1,0.05,1.96,180,0.3,6.55,32,45.8
EC-0125,CDE212,319403,7907478,Patos de Minas,0.09,1.89,3.0,296.0,2.1,0.12,0.11,0.05,101.1,23.4,178,1.53,33.1,4.91,9.7,0.67,0.05,0.03,0.1,44.5,5.0,145.6,0.16,1376,0.84,4.66,88.0,913.0,9.1,13.6,0.32,9.3,1.7,34.9,12.8,0.17,1.55,98,0.1,9.09,45,42.9
EC-0126,CDE213,319696,7909836,Patos de Minas,0.05,3.09,5.0,185.0,1.5,0.23,0.09,0.03,101.24,17.0,290,1.88,25.3,5.18,11.9,0.37,0.05,0.03,0.12,36.4,6.0,137.64,0.11,403,0.94,5.05,87.8,867.0,12.6,14.9,0.5,10.2,1.8,15.7,13.1,0.11,1.46,99,0.5,8.64,58,20.5
EC-0127,CDE214,316724,7913807,Patos de Minas,0.05,3.02,2.0,178.0,1.8,0.15,0.07,0.06,131.79,20.4,278,1.7,30.3,5.46,11.7,0.49,0.06,0.05,0.1,49.5,5.0,181.29,0.17,514,0.83,6.26,74.6,679.0,9.1,11.7,0.29,10.1,2.0,24.3,13.9,0.22,1.43,104,0.3,8.46,47,27.6
EC-0128,CDE215,318355,7912840,Patos de Minas,0.04,9.74,7.0,141.0,1.0,0.59,0.07,0.01,154.04,10.3,126,4.46,57.5,8.69,29.9,1.56,0.02,0.12,0.31,44.0,8.0,198.04,0.1,613,1.83,1.58,40.7,589.0,35.2,33.1,1.05,22.1,3.9,7.3,21.2,0.06,2.28,210,0.9,8.37,53,57.9
EC-0129,CDE216,323526,7912559,Patos de Minas,0.04,4.77,5.0,71.0,0.7,0.38,0.09,0.03,85.16,6.5,55,2.74,28.4,4.36,15.0,0.27,0.04,0.06,0.17,30.5,9.0,115.66,0.07,393,0.69,0.8,20.1,397.0,21.2,18.7,0.57,10.1,1.9,6.9,10.5,0.02,1.32,93,0.4,9.33,26,15.8
EC-0130A,CDE217,323886,7914724,Patos de Minas,0.06,2.26,2.0,172.0,1.3,0.19,0.06,0.03,90.71,13.5,151,1.25,27.5,3.47,8.7,0.57,0.04,0.02,0.16,42.3,4.0,133.01,0.09,514,0.61,4.31,51.4,568.0,11.7,12.9,0.35,6.9,1.4,18.5,11.2,0.18,1.11,63,0.2,7.38,44,29.4
EC-0131,CDE218,321831,7911937,Patos de Minas,0.05,1.79,3.0,146.0,1.1,0.17,0.06,0.01,80.12,11.8,150,1.17,21.1,3.25,8.0,0.45,0.02,0.02,0.08,34.6,3.0,114.72,0.08,322,0.54,3.36,52.9,680.0,10.1,9.5,0.3,6.7,1.2,14.3,9.5,0.08,1.06,66,0.3,7.17,40,26.8
EC-0132,CDE219,320626,7914303,Patos de Minas,0.03,1.69,8.0,108.0,1.2,0.36,0.04,0.03,82.7,15.8,43,0.95,39.2,4.71,7.9,0.28,0.04,0.02,0.22,46.7,1.0,129.4,0.06,649,0.5,0.77,28.9,491.0,14.2,12.2,0.41,5.3,0.8,5.7,9.3,0.02,0.94,48,0.2,10.87,39,13.2
EC-0133,CDE220,317797,7916749,Patos de Minas,0.08,0.91,2.0,66.0,0.5,0.08,0.06,0.02,38.2,6.8,94,0.59,12.9,2.08,3.8,0.27,0.03,0.02,0.08,16.2,1.0,54.4,0.11,136,0.42,2.03,25.8,462.0,6.2,7.1,0.16,3.1,0.7,12.6,4.9,0.08,0.64,37,0.2,2.68,23,15.6
EC-0134,CDE221,321774,7918836,Patos de Minas,0.02,0.49,1.0,32.0,0.3,0.08,0.03,0.04,31.68,3.2,72,0.31,7.4,1.15,2.2,0.22,0.01,0.03,0.04,14.8,1.0,46.48,0.03,104,0.28,1.27,10.4,174.0,6.0,3.7,0.13,1.6,0.3,5.9,4.6,0.06,0.5,22,0.1,1.91,15,11.2
EC-0135,CDE222,318087,7921525,Patos de Minas,0.04,2.29,5.0,184.0,0.9,0.24,0.08,0.04,86.33,21.4,80,1.43,25.5,3.83,9.6,0.47,0.01,0.05,0.13,31.0,5.0,117.33,0.07,1170,0.77,1.58,26.0,417.0,15.4,13.1,0.39,7.4,1.3,11.9,8.4,0.06,1.04,84,0.2,7.58,28,27.2
EC-0136,CDE223,320920,7919909,Patos de Minas,0.05,1.93,9.0,136.0,1.5,0.44,0.08,0.05,82.7,37.9,124,1.2,46.2,6.39,11.0,0.57,0.02,0.05,0.14,28.5,4.0,111.2,0.15,1934,1.05,1.37,63.7,773.0,32.1,10.5,0.63,7.9,1.2,9.7,9.4,0.11,1.26,87,0.2,7.8,66,27.5
EC-0137,CDI 175,303427,7950342,Patos de Minas,0.05,0.99,3.0,26.0,0.2,0.1,0.01,0.03,22.93,2.3,20,0.45,10.0,2.06,3.4,0.07,0.04,0.03,0.05,10.1,1.0,33.03,0.01,75,0.69,0.37,4.6,116.0,8.6,3.5,0.23,0.9,1.1,2.3,4.1,0.01,0.6,47,0.6,2.24,11,2.7
EC-0138,CDI 176,297206,7952198,Patos de Minas,0.02,0.82,3.0,20.0,0.1,0.07,0.01,0.01,18.56,2.0,46,0.35,9.3,1.86,3.0,0.07,0.02,0.02,0.03,7.3,1.0,25.86,0.01,76,5.57,0.43,4.9,79.0,6.8,2.8,0.2,0.6,0.9,2.3,3.1,0.01,0.38,39,3.8,1.39,8,4.1
EC-0139,CDI 177,301022,7953004,Patos de Minas,0.1,1.29,2.0,31.0,0.3,0.1,0.01,0.02,32.31,1.9,17,0.66,12.4,1.64,4.1,0.05,0.01,0.02,0.06,14.9,1.0,47.21,0.01,62,0.52,0.47,5.2,118.0,8.8,4.6,0.18,1.3,1.1,1.8,4.9,0.01,0.69,42,2.6,2.92,8,1.9
EC-0140A,CDI 178,306047,7943567,Patos de Minas,0.02,1.4,2.0,50.0,0.3,0.1,0.01,0.01,49.24,1.7,72,0.62,13.0,2.23,4.4,0.05,0.01,0.02,0.14,24.2,2.0,73.44,0.01,99,11.04,0.73,7.4,147.0,8.6,7.8,0.21,1.5,1.6,2.7,6.1,0.01,0.82,38,0.8,4.6,10,0.8
EC-0141,CDI 179,300789,7952208,Patos de Minas,0.4,3.07,4.0,57.0,0.5,0.16,0.02,0.06,40.15,1.5,33,1.86,12.4,2.43,8.5,0.06,0.01,0.05,0.09,17.9,4.0,58.05,0.02,87,1.06,0.48,5.3,249.0,14.1,10.3,0.26,2.7,2.2,3.3,5.2,0.01,0.9,63,0.7,4.18,12,0.9
EC-0142,CDI 180,299100,7945999,Patos de Minas,0.11,0.94,9.0,17.0,0.2,0.09,0.01,0.01,6.27,1.4,112,0.12,10.7,3.44,3.2,0.19,0.01,0.02,0.02,3.3,1.0,9.57,0.01,92,16.42,0.51,7.3,105.0,5.4,1.5,0.55,0.4,1.3,6.4,2.2,0.01,0.33,109,7.2,0.9,5,8.0
EC-0143,CDI 181,305542,7949297,Patos de Minas,0.07,1.64,6.0,16.0,0.2,0.08,0.01,0.01,19.14,1.4,48,0.61,11.6,3.75,5.8,0.06,0.03,0.04,0.03,8.7,1.0,27.84,0.01,56,0.94,0.87,3.3,157.0,7.5,2.3,0.35,3.4,1.2,2.0,5.7,0.01,0.89,81,0.3,1.74,4,4.1
EC-0144,CDI 182,305017,7948833,Patos de Minas,0.04,0.77,2.0,18.0,0.1,0.06,0.01,0.01,18.86,1.0,39,0.4,7.6,1.11,2.6,0.05,0.01,0.02,0.04,8.3,1.0,27.16,0.01,48,5.91,0.26,3.7,82.0,5.3,3.0,0.18,0.2,0.9,1.3,3.5,0.01,0.4,23,0.3,1.51,4,2.8
EC-0145,CDI 183,301562,7943371,Patos de Minas,0.06,3.77,4.0,14.0,0.1,0.2,0.01,0.01,13.58,0.5,34,0.8,78.1,2.87,10.6,0.28,0.02,0.05,0.03,4.8,3.0,18.38,0.01,49,1.14,0.41,3.5,87.0,6.8,2.5,0.27,3.1,2.0,2.1,6.7,0.02,0.49,89,0.2,1.08,10,13.4
JR-0004,CDE389,336656,7901640,Patos de Minas,0.07,1.14,5.0,60.0,0.9,0.19,0.06,0.05,38.86,14.4,25,0.74,18.9,2.76,5.1,0.06,0.02,0.02,0.12,17.6,3.0,56.46,0.04,535,0.58,0.46,17.0,417.0,12.2,7.3,0.34,3.3,0.9,5.7,4.4,0.01,0.64,29,0.4,4.34,33,2.3
JR-0005,CDE390,341723,7902484,Patos de Minas,0.06,1.67,9.0,84.0,1.8,0.34,0.06,0.08,68.15,21.7,40,0.85,31.7,4.79,9.1,0.11,0.02,0.03,0.13,30.9,3.0,99.05,0.06,1213,0.7,0.31,25.0,452.0,25.5,7.3,0.61,6.0,1.0,5.2,7.0,0.01,0.87,54,0.2,9.91,45,4.3
JR-0007,CDE392,340800,7906150,Patos de Minas,0.06,1.23,6.0,77.0,0.8,0.19,0.04,0.04,41.67,23.4,25,0.76,19.3,4.11,5.4,0.06,0.03,0.04,0.13,19.7,3.0,61.37,0.04,990,0.52,0.29,18.0,466.0,12.6,7.4,0.36,3.4,0.6,5.2,4.6,0.01,0.59,33,0.1,5.07,33,2.1
JR-0008,CDE393,337133,7906562,Patos de Minas,0.13,3.6,11.0,88.0,1.2,0.47,0.06,0.06,81.95,30.9,55,1.17,35.4,5.96,14.4,0.23,0.04,0.06,0.15,36.2,2.0,118.15,0.04,3188,0.96,0.46,28.6,474.0,27.7,8.9,0.82,8.7,1.9,6.1,9.7,0.02,1.18,82,0.5,10.91,37,9.7
JR-0009,CDE394,336957,7923534,Patos de Minas,0.1,3.75,10.0,84.0,0.9,0.34,0.06,0.1,73.66,10.3,54,2.01,33.3,6.04,13.1,0.31,0.05,0.06,0.21,36.9,6.0,110.56,0.08,673,1.06,0.48,19.1,428.0,24.6,15.5,0.61,8.4,1.7,6.2,8.9,0.01,1.15,72,0.2,10.83,29,12.9
JR-0010A,CDI 184,293300,7948800,Patos de Minas,0.39,1.52,2.0,52.0,0.1,0.08,0.02,0.03,27.59,1.5,91,0.55,34.4,2.52,4.6,0.26,0.01,0.03,0.1,11.0,1.0,38.59,0.02,97,10.23,1.11,7.8,144.0,11.3,8.5,0.23,1.7,1.3,6.1,5.2,0.02,0.67,56,0.4,2.04,7,14.6
JR-0011,CDE395,337744,7923688,Patos de Minas,0.1,5.94,14.0,104.0,1.4,0.64,0.08,0.06,76.56,15.9,87,2.26,42.1,6.78,20.9,0.39,0.04,0.06,0.19,24.5,11.0,101.06,0.08,943,1.54,0.66,37.4,730.0,37.5,15.9,1.2,12.3,2.8,8.6,12.6,0.02,1.58,131,0.4,8.11,51,16.9
JR-0012,CDI 185,316181,7911430,Patos de Minas,0.23,3.54,4.0,474.0,3.2,0.24,0.31,0.06,143.83,50.5,112,3.0,48.8,9.04,14.9,0.93,0.04,0.07,0.25,60.3,13.0,204.13,0.35,2548,0.91,10.49,76.8,1355.0,18.4,54.5,0.44,14.2,3.1,42.9,19.1,0.29,2.33,143,0.4,26.31,62,47.5
JR-0013,CDI 186,292212,7953101,Patos de Minas,0.17,4.02,8.0,182.0,1.7,0.32,0.03,0.05,69.29,10.9,54,1.48,41.5,5.53,11.9,0.37,0.01,0.06,0.16,34.6,7.0,103.89,0.06,393,2.82,1.13,28.2,1020.0,20.6,17.6,0.79,7.4,1.8,37.4,10.1,0.03,1.75,108,0.7,19.82,47,20.7
JR-0014,CDI 187,290931,7938818,Patos de Minas,0.09,0.83,7.0,109.0,1.0,0.22,0.07,0.04,45.52,20.4,119,0.55,26.9,4.62,5.1,0.49,0.01,0.03,0.12,17.6,5.0,63.12,0.07,440,0.82,0.95,31.0,692.0,17.3,8.2,0.52,4.3,0.9,12.8,5.4,0.02,0.97,68,1.2,4.3,44,19.4
JR-0015,CDI 188,292008,7951040,Patos de Minas,0.18,0.99,6.0,92.0,0.6,0.21,0.05,0.04,48.81,14.5,104,0.64,24.0,3.95,5.0,0.38,0.01,0.03,0.14,19.6,4.0,68.41,0.06,394,6.9,0.94,26.7,360.0,15.1,9.6,0.41,3.4,1.1,8.6,6.1,0.02,0.83,53,1.6,3.9,32,17.0
JR-0016,CDI 189,292163,7951599,Patos de Minas,0.07,0.79,6.0,93.0,0.7,0.19,0.07,0.04,40.07,15.7,90,0.52,29.6,3.89,4.6,0.38,0.03,0.03,0.11,15.2,4.0,55.27,0.05,418,0.74,0.98,26.7,422.0,15.3,7.3,0.49,3.4,0.9,8.4,4.9,0.02,0.77,55,0.8,3.43,33,16.6
JR-0017,CDI 190,291278,7949311,Patos de Minas,0.06,1.32,7.0,107.0,0.7,0.23,0.07,0.05,71.92,18.3,73,0.85,34.5,4.22,6.2,0.3,0.04,0.03,0.14,31.7,5.0,103.62,0.09,560,3.6,1.18,31.2,406.0,18.8,11.6,0.36,3.7,1.0,9.0,8.1,0.02,0.98,52,1.2,6.09,38,13.7
JR-0018,CDI 191,291645,7949618,Patos de Minas,0.04,0.67,6.0,83.0,0.5,0.19,0.05,0.03,40.97,13.6,95,0.49,20.7,3.62,4.5,0.46,0.01,0.03,0.08,14.3,3.0,55.27,0.06,364,0.6,1.03,23.8,274.0,15.9,6.6,0.41,3.1,0.8,6.7,4.9,0.03,0.7,57,0.8,2.68,28,19.0
JR-0019,CDI 192,290774,7947637,Patos de Minas,0.08,1.4,7.0,347.0,1.7,0.33,0.06,0.07,91.45,39.9,134,1.19,49.2,6.01,9.3,0.75,0.03,0.04,0.19,41.8,8.0,133.25,0.19,1158,2.71,1.36,94.9,583.0,33.2,18.4,0.55,7.1,1.4,19.4,9.2,0.04,0.97,93,0.8,14.79,57,27.4
JR-0020A,CDI 193,295650,7941550,Patos de Minas,0.1,2.68,2.0,25.0,0.5,0.16,0.01,0.03,28.35,1.1,43,1.01,15.1,1.2,10.4,0.12,0.01,0.05,0.02,14.8,2.0,43.15,0.01,33,0.64,0.34,5.8,142.0,10.0,2.9,0.24,4.9,1.6,2.5,3.8,0.01,0.57,65,1.1,4.14,8,6.7
JR-0021,CDI 194,291500,7941550,Patos de Minas,0.05,1.07,12.0,85.0,0.7,0.36,0.01,0.03,71.31,21.3,60,1.42,41.5,5.14,6.8,0.48,0.01,0.03,0.14,36.6,5.0,107.91,0.06,553,4.08,0.46,27.3,301.0,34.1,10.8,0.5,3.1,0.9,5.2,12.1,0.01,1.21,50,1.8,4.56,38,21.0
JR-0022,CDI 195,295600,7942700,Patos de Minas,0.07,1.72,2.0,24.0,0.3,0.11,0.01,0.01,15.9,1.2,42,0.64,9.7,1.58,6.5,0.12,0.02,0.03,0.03,7.9,1.0,23.8,0.01,46,0.66,0.48,4.9,105.0,7.2,2.8,0.23,2.8,1.3,2.9,3.0,0.01,0.37,48,0.5,2.07,5,6.8
JR-0023,CDI 196,293250,7944400,Patos de Minas,0.07,0.75,17.0,133.0,0.6,0.5,0.02,0.03,70.1,28.1,60,1.24,52.3,5.67,4.8,0.44,0.01,0.03,0.14,30.3,8.0,100.4,0.07,1008,4.77,0.74,30.7,238.0,37.8,9.6,0.55,2.8,0.8,9.1,11.3,0.01,1.13,49,2.5,3.33,38,20.5
JR-0024,CDI 197,293006,7945364,Patos de Minas,0.04,0.97,8.0,63.0,0.3,0.22,0.01,0.02,47.27,12.4,56,0.66,23.9,3.67,5.0,0.36,0.01,0.03,0.07,16.5,4.0,63.77,0.03,366,0.73,0.93,16.9,168.0,17.6,5.9,0.34,3.0,0.9,4.3,6.4,0.01,0.72,51,2.7,2.18,25,16.9
JR-0025,CDI 198,293450,7948550,Patos de Minas,0.06,0.54,6.0,63.0,0.2,0.12,0.01,0.06,41.92,6.4,76,0.24,15.3,3.03,2.9,0.19,0.01,0.02,0.06,9.5,1.0,51.42,0.01,365,7.35,0.97,10.3,138.0,13.8,4.7,0.28,2.1,1.0,3.9,4.2,0.01,0.63,51,1.0,1.85,10,8.0
JR-0026,CDI 199,289400,7944600,Patos de Minas,0.07,1.21,8.0,79.0,0.9,0.28,0.02,0.03,59.79,19.2,93,1.31,35.1,4.65,8.2,0.76,0.01,0.04,0.11,22.0,6.0,81.79,0.08,529,0.66,1.92,36.6,354.0,23.2,10.1,0.45,5.3,1.4,6.1,7.4,0.02,1.02,74,0.5,6.05,51,27.2
JR-0027,CDI 200,292400,7947450,Patos de Minas,0.06,1.02,6.0,157.0,0.9,0.22,0.06,0.03,54.93,21.9,112,0.8,29.1,4.39,6.4,0.48,0.01,0.03,0.11,23.3,6.0,78.23,0.12,582,2.76,1.41,45.2,392.0,17.4,13.8,0.34,4.4,1.2,12.3,6.8,0.04,0.88,65,0.6,5.1,39,22.8
JR-0101,CDE396,334903,7904245,Patos de Minas,0.07,2.72,10.0,82.0,1.2,0.41,0.07,0.05,73.98,23.5,41,0.96,30.6,5.46,11.2,0.16,0.03,0.05,0.16,37.0,3.0,110.98,0.06,1538,0.81,0.41,26.4,474.0,24.0,11.2,0.74,6.9,1.3,6.7,8.6,0.01,0.98,64,2.0,11.08,35,6.3
JR-0102,CDE397,340304,7900525,Patos de Minas,0.09,1.86,10.0,103.0,0.7,0.29,0.14,0.04,58.17,28.5,52,0.74,22.4,5.02,7.8,0.11,0.02,0.06,0.14,26.1,3.0,84.27,0.06,2253,0.75,0.33,24.9,546.0,20.0,8.1,0.57,4.8,0.9,10.3,5.6,0.01,0.75,51,0.3,8.62,40,4.3
JR-0103,CDE398,339640,7901622,Patos de Minas,0.08,9.71,4.0,72.0,1.8,0.71,0.04,0.09,142.57,2.4,112,2.07,38.6,1.86,32.0,0.14,0.02,0.13,0.17,43.8,4.0,186.37,0.04,111,0.79,1.22,12.8,630.0,31.4,17.2,1.29,16.6,4.2,4.0,9.6,0.03,2.15,190,0.5,11.15,11,6.8
LG-0014,CDE355,333236,7901591,Patos de Minas,0.06,2.43,17.0,81.0,1.1,0.54,0.07,0.02,86.5,29.5,88,1.13,36.6,7.64,11.1,0.18,0.02,0.02,0.16,32.8,5.0,119.3,0.06,1095,1.25,0.37,36.2,614.0,39.5,10.9,1.23,7.3,1.3,7.2,9.5,0.01,1.23,80,0.3,9.67,47,9.0
LG-0015,CDI 133,331804,7902436,Patos de Minas,0.07,3.74,9.0,72.0,0.9,0.4,0.03,0.05,88.93,10.7,64,1.92,30.0,4.86,12.5,0.1,0.01,0.06,0.17,32.4,7.0,121.33,0.04,426,5.28,0.65,17.1,615.0,23.7,17.1,0.9,6.7,2.7,4.1,9.2,0.01,1.18,73,0.5,8.24,33,2.6
LG-0016,CDE356,329616,7901438,Patos de Minas,0.14,2.73,10.0,78.0,0.9,0.38,0.05,0.05,80.88,14.3,39,1.61,31.6,5.4,10.7,0.11,0.04,0.05,0.2,38.7,4.0,119.58,0.05,606,0.91,0.39,22.2,615.0,23.8,12.7,0.64,6.8,1.4,5.3,8.3,0.01,0.96,62,0.5,10.19,39,4.4
LG-0017,CDI 134,328268,7904174,Patos de Minas,0.23,3.8,13.0,66.0,1.4,0.43,0.06,0.02,91.99,18.9,65,2.01,37.5,7.0,13.4,0.24,0.04,0.06,0.16,39.1,7.0,131.09,0.06,1139,1.18,0.53,24.7,514.0,29.3,14.8,1.31,7.5,2.9,6.6,10.7,0.01,1.34,90,0.8,10.7,48,5.7
LG-0018,CDE357,320110,7904530,Patos de Minas,0.26,3.01,14.0,236.0,1.7,0.34,0.07,0.08,98.53,43.5,46,2.11,33.4,11.68,12.3,0.35,0.05,0.08,0.16,37.5,4.0,136.03,0.08,2329,1.84,2.75,39.2,1242.0,21.3,21.0,0.75,9.6,1.8,17.4,9.9,0.04,1.55,92,3.8,13.17,41,18.6
LG-0019,CDE358,327446,7903098,Patos de Minas,0.09,4.05,8.0,88.0,1.1,0.38,0.02,0.06,67.9,4.3,51,1.58,29.7,4.65,13.3,0.1,0.06,0.02,0.21,26.5,3.0,94.4,0.04,143,0.73,0.61,17.5,567.0,22.2,13.5,0.83,8.1,2.0,4.3,7.9,0.01,1.01,81,0.5,7.63,28,4.4
LG-0020A,CDE359,326888,7902109,Patos de Minas,0.14,4.29,12.0,158.0,1.1,0.65,0.04,0.03,96.75,25.7,52,1.74,53.0,7.61,15.6,0.34,0.04,0.08,0.24,37.3,5.0,134.05,0.07,1220,1.1,0.43,33.1,507.0,47.7,13.7,1.15,9.7,1.8,7.2,11.9,0.02,1.39,94,0.5,10.18,47,17.7
LG-0021,CDE360,325374,7902503,Patos de Minas,0.08,4.44,12.0,110.0,1.3,0.46,0.07,0.03,63.09,15.4,65,2.23,37.1,6.16,16.2,0.31,0.03,0.08,0.27,25.0,9.0,88.09,0.12,774,1.11,0.45,29.0,599.0,24.8,18.1,0.86,10.0,2.1,10.2,11.1,0.01,1.26,94,0.5,6.47,47,15.2
LG-0022,CDE361,325680,7904249,Patos de Minas,0.08,2.66,9.0,112.0,1.0,0.36,0.02,0.02,88.9,25.8,41,1.69,31.2,5.64,11.2,0.22,0.06,0.02,0.15,45.6,2.0,134.5,0.03,1220,0.72,0.46,23.5,493.0,17.7,10.3,0.69,7.5,1.4,3.3,9.6,0.01,1.03,63,0.3,11.37,35,9.8
LG-0023,CDE362,323501,7899579,Patos de Minas,0.07,1.66,10.0,84.0,0.4,0.29,0.04,0.04,40.82,17.2,43,0.93,33.9,4.85,6.8,0.12,0.06,0.03,0.17,16.6,3.0,57.42,0.07,525,1.2,0.71,23.9,698.0,19.4,9.6,0.5,4.8,0.9,7.9,5.9,0.02,1.06,52,0.3,4.19,56,5.2
LG-0024,CDE363,322569,7899311,Patos de Minas,0.06,1.91,6.0,181.0,1.3,0.23,0.08,0.08,77.41,21.9,42,1.21,29.5,5.2,8.5,0.29,0.04,0.07,0.13,33.0,5.0,110.41,0.1,782,0.9,2.89,24.2,1024.0,13.9,13.1,0.38,6.9,1.2,25.6,7.5,0.05,1.2,73,0.2,7.55,48,15.7
LG-0025,CDE364,321786,7900591,Patos de Minas,0.05,1.52,7.0,147.0,0.8,0.21,0.09,0.05,55.63,19.1,43,0.85,24.0,4.45,6.3,0.2,0.03,0.02,0.15,24.5,4.0,80.13,0.09,1331,1.04,1.9,20.2,659.0,14.8,10.6,0.44,5.0,1.1,23.5,6.5,0.04,1.04,56,0.5,5.15,39,11.8
LG-0026,CDE365,322942,7902987,Patos de Minas,0.09,1.29,5.0,122.0,0.7,0.17,0.06,0.04,55.0,15.1,39,0.82,18.6,3.41,5.7,0.26,0.05,0.02,0.11,24.0,3.0,79.0,0.06,1056,0.79,1.89,16.6,544.0,12.5,9.0,0.32,4.5,0.8,18.6,6.6,0.05,0.93,48,0.2,4.7,32,14.3
LG-0027,CDE366,321331,7899308,Patos de Minas,0.04,4.86,8.0,216.0,2.2,0.34,0.12,0.04,113.39,21.8,74,2.46,41.2,6.75,18.9,0.57,0.04,0.07,0.18,37.4,8.0,150.79,0.11,1224,1.5,3.46,33.4,1034.0,19.1,21.3,0.82,15.0,2.6,24.9,13.8,0.09,1.97,143,0.3,10.33,45,40.4
LG-0028,CDI 136,317479,7901094,Patos de Minas,0.12,2.65,11.0,230.0,2.5,0.29,0.07,0.06,115.11,32.4,103,2.48,45.1,7.43,11.5,1.31,0.05,0.07,0.25,53.7,9.0,168.81,0.15,996,1.98,5.41,44.0,981.0,20.9,39.3,1.64,12.0,2.2,21.2,24.3,0.11,3.12,139,1.1,25.94,66,78.2
LG-0029,CDE367,318642,7899803,Patos de Minas,0.11,2.57,9.0,265.0,2.5,0.32,0.14,0.05,129.34,29.3,63,1.8,42.8,6.61,12.8,0.84,0.04,0.07,0.17,55.2,7.0,184.54,0.11,1300,1.51,5.26,37.6,1049.0,18.5,22.6,0.88,13.3,2.1,28.3,16.6,0.11,2.22,119,2.0,18.38,49,54.8
LG-0030A,CDE368,319688,7898870,Patos de Minas,0.17,2.46,16.0,160.0,1.6,0.24,0.12,0.07,82.97,16.7,30,2.17,28.4,15.0,10.3,0.27,0.03,0.03,0.12,25.1,1.0,108.07,0.05,796,2.88,3.61,20.7,1474.0,19.4,17.7,0.63,8.7,1.9,25.6,7.5,0.04,1.24,89,0.4,6.07,14,15.1
LG-0031,CDE369,316795,7903970,Patos de Minas,0.07,2.62,3.0,302.0,2.0,0.12,0.11,0.06,93.98,13.0,81,1.89,35.1,4.67,11.3,0.6,0.03,0.04,0.07,34.7,5.0,128.68,0.08,450,1.0,6.27,37.0,1304.0,8.1,9.9,0.46,11.7,2.4,56.4,10.0,0.16,2.02,126,0.2,10.01,33,38.5
LG-0032,CDE370,317459,7904687,Patos de Minas,0.07,1.71,3.0,252.0,1.7,0.1,0.1,0.08,105.3,21.4,211,1.43,30.2,4.63,8.8,0.63,0.04,0.02,0.12,45.5,4.0,150.8,0.19,598,0.8,4.84,97.1,914.0,6.5,15.7,0.31,9.4,1.8,40.5,12.0,0.2,1.46,100,0.1,8.39,34,41.7
LG-0033,CDE371,315790,7904888,Patos de Minas,0.15,2.12,4.0,461.0,2.6,0.12,0.18,0.06,129.96,42.8,202,1.79,39.2,6.22,10.6,0.61,0.03,0.02,0.25,58.2,6.0,188.16,0.34,2384,1.05,5.83,120.6,1185.0,9.9,29.1,0.37,10.9,2.0,64.8,13.8,0.24,1.73,117,0.2,11.31,45,37.6
LG-0034,CDE372,338776,7913639,Patos de Minas,0.07,3.06,12.0,73.0,1.3,0.34,0.02,0.05,71.91,18.5,42,1.52,30.6,6.43,12.0,0.23,0.04,0.06,0.18,33.1,2.0,105.01,0.04,312,0.81,0.63,24.0,476.0,20.7,11.2,0.59,8.2,1.4,3.0,8.2,0.01,0.88,64,0.2,8.82,32,9.7
LG-0035,CDE373,339198,7908998,Patos de Minas,0.07,2.94,10.0,92.0,1.2,0.35,0.04,0.09,65.1,23.6,50,1.32,32.5,5.5,12.2,0.24,0.05,0.02,0.15,29.9,3.0,95.0,0.05,774,0.88,0.62,27.5,452.0,27.5,9.3,0.73,7.2,1.5,4.6,8.3,0.02,0.95,75,0.2,8.71,40,11.0
LG-0036,CDI 201,339249,7921369,Patos de Minas,0.08,1.86,7.0,48.0,1.1,0.38,0.01,0.02,76.22,3.4,33,1.17,27.5,2.94,10.2,0.12,0.09,0.04,0.13,40.1,4.0,116.32,0.03,129,0.72,0.62,14.0,324.0,25.3,11.7,0.56,6.2,1.4,3.3,8.5,0.01,1.0,52,1.2,10.91,29,3.9
LG-0037,CDI 202,341577,7924425,Patos de Minas,0.11,2.53,8.0,189.0,1.4,0.36,0.1,0.05,98.38,16.2,52,1.26,49.9,4.88,12.6,0.37,0.01,0.05,0.22,49.7,5.0,148.08,0.2,918,2.88,1.76,38.7,799.0,22.5,19.8,0.63,9.1,2.2,31.7,10.0,0.05,1.23,72,0.9,13.11,48,13.6
LG-0038,CDI 203,337946,7920671,Patos de Minas,0.06,1.76,8.0,50.0,1.0,0.4,0.03,0.04,63.72,12.5,33,0.91,43.3,4.29,9.5,0.12,0.04,0.03,0.12,32.2,3.0,95.92,0.03,739,1.11,0.45,18.7,468.0,25.5,9.5,0.65,5.1,1.3,3.0,8.2,0.01,0.93,47,0.5,9.18,35,0.7
LG-0039,CDI 204,337806,7931147,Patos de Minas,0.14,1.96,10.0,120.0,0.9,0.37,0.07,0.07,90.73,30.7,55,1.0,39.2,5.21,10.6,0.18,0.03,0.04,0.15,49.1,4.0,139.83,0.04,1860,4.26,0.74,32.8,437.0,31.2,10.4,0.67,5.6,1.4,5.1,8.4,0.01,1.14,52,0.7,13.71,44,0.5
LG-0040A,CDI 205,330325,7929775,Patos de Minas,0.12,2.43,17.0,100.0,1.1,0.34,0.07,0.06,78.75,15.9,36,0.98,27.3,12.36,10.8,0.28,0.01,0.04,0.16,46.0,4.0,124.75,0.03,926,1.18,0.6,22.2,625.0,16.8,13.0,0.59,7.0,1.7,4.9,7.7,0.01,1.14,60,0.4,15.7,40,3.5
LG-0041,CDI 206,334585,7930591,Patos de Minas,0.06,2.6,9.0,77.0,1.3,0.32,0.05,0.03,72.96,16.0,50,1.36,25.2,4.26,11.8,0.14,0.01,0.04,0.11,35.5,4.0,108.46,0.03,1170,3.54,0.53,18.5,387.0,17.9,12.1,0.78,6.7,1.8,3.6,7.7,0.01,1.16,63,0.4,11.68,34,0.5
LG-0042,CDI 207,319038,7937777,Patos de Minas,0.14,1.04,12.0,65.0,0.7,0.31,0.05,0.03,38.34,18.7,29,0.99,25.9,5.84,5.2,0.3,0.01,0.04,0.16,18.1,6.0,56.44,0.05,555,1.22,0.41,22.7,411.0,22.3,9.4,0.92,3.6,0.8,6.3,6.6,0.01,0.7,50,0.6,4.94,51,6.2
LG-0043,CDI 208,321367,7936455,Patos de Minas,0.05,1.36,9.0,77.0,1.3,0.27,0.07,0.03,61.14,15.0,35,0.93,33.1,4.3,6.3,0.11,0.03,0.03,0.13,31.0,5.0,92.14,0.04,466,3.53,0.25,17.8,559.0,20.7,10.5,0.52,3.8,0.9,6.1,6.6,0.01,1.06,31,0.4,7.66,57,2.2
LG-0044,CDI 209,321952,7935201,Patos de Minas,0.19,1.23,17.0,61.0,0.9,0.28,0.02,0.01,64.12,11.8,17,0.8,37.4,5.86,5.5,0.11,0.01,0.03,0.13,30.6,4.0,94.72,0.02,192,1.19,0.17,16.2,745.0,16.6,10.1,0.94,3.9,0.8,6.1,8.0,0.01,1.12,22,0.5,3.89,64,3.6
LG-0045,CDI 210,318788,7932140,Patos de Minas,0.07,1.2,9.0,49.0,1.0,0.31,0.04,0.04,49.39,19.3,36,0.76,55.2,4.0,6.0,0.12,0.01,0.02,0.15,24.0,9.0,73.39,0.06,519,4.12,0.31,20.1,420.0,18.8,11.0,0.44,3.1,0.8,4.3,6.2,0.01,0.74,25,0.5,4.02,67,2.1
LG-0046,CDI 211,337472,7927880,Patos de Minas,0.04,1.35,9.0,62.0,1.1,0.33,0.03,0.05,72.71,16.3,28,0.87,28.4,3.97,7.9,0.13,0.01,0.02,0.09,36.1,4.0,108.81,0.02,556,0.69,0.34,19.7,435.0,20.4,9.0,0.45,4.4,1.0,2.8,7.9,0.01,0.93,40,0.3,9.42,41,2.3
LG-0047,CDI 212,335252,7929672,Patos de Minas,0.08,3.92,12.0,100.0,0.8,0.48,0.02,0.03,77.17,17.0,82,1.08,36.4,6.85,17.1,0.44,0.02,0.07,0.13,32.4,4.0,109.57,0.02,608,3.08,0.76,28.6,416.0,27.1,11.2,0.91,10.8,2.3,3.6,10.3,0.02,1.41,95,0.5,10.11,31,12.8
LG-0048,CDI 213,319957,7929817,Patos de Minas,0.07,1.02,17.0,112.0,0.9,0.49,0.03,0.03,74.0,22.7,27,0.78,42.2,5.21,7.9,0.18,0.01,0.03,0.11,33.6,5.0,107.6,0.05,841,0.82,0.25,25.9,407.0,40.3,9.0,0.56,3.8,0.7,4.6,9.8,0.01,1.23,46,0.4,8.09,53,2.7
LG-0049,CDI 214,319743,7930570,Patos de Minas,0.05,1.14,8.0,44.0,0.8,0.3,0.03,0.05,85.15,18.0,43,0.68,26.7,3.72,6.0,0.09,0.01,0.02,0.11,38.8,6.0,123.95,0.03,434,4.9,0.45,20.1,436.0,19.4,8.9,0.49,3.1,0.8,4.2,6.4,0.01,0.83,29,0.7,4.4,50,2.5
LG-0050A,CDI 215,323824,7934251,Patos de Minas,0.04,1.05,6.0,103.0,0.9,0.3,0.1,0.05,67.56,10.7,21,1.04,31.7,3.49,6.1,0.08,0.01,0.02,0.11,37.4,8.0,104.96,0.04,199,0.52,0.19,15.7,464.0,20.2,10.5,0.62,3.3,0.8,5.4,6.8,0.01,0.95,28,0.5,8.5,58,2.0
LG-0051,CDI 216,321423,7927464,Patos de Minas,0.12,3.37,14.0,96.0,0.9,0.35,0.05,0.12,79.94,16.8,44,1.34,32.0,4.98,12.9,0.19,0.03,0.04,0.18,29.4,6.0,109.34,0.06,471,1.27,0.62,23.9,543.0,27.1,18.8,0.81,9.4,2.1,2.9,8.5,0.01,1.46,77,1.3,8.08,44,7.4
LG-0052,CDI 217,326097,7935115,Patos de Minas,0.03,0.93,8.0,66.0,0.8,0.29,0.05,0.11,75.77,18.6,24,0.74,26.5,4.22,5.6,0.14,0.04,0.02,0.13,36.3,5.0,112.07,0.03,522,0.57,0.23,17.9,493.0,29.1,10.1,0.57,3.4,0.8,3.7,6.5,0.01,0.94,35,0.6,8.0,42,3.7
LG-0053,CDI 218,325964,7928678,Patos de Minas,0.05,1.03,10.0,62.0,0.7,0.27,0.03,0.05,66.43,16.3,23,0.89,22.2,3.37,5.8,0.09,0.01,0.02,0.14,35.6,5.0,102.03,0.04,485,0.65,0.3,17.1,349.0,19.8,11.3,0.46,3.6,0.9,3.8,6.8,0.01,0.84,34,0.1,6.76,36,2.6
LG-0054,CDI 219,328902,7936162,Patos de Minas,0.08,1.56,8.0,93.0,1.3,0.32,0.03,0.11,74.2,9.0,31,0.96,29.8,3.82,8.4,0.1,0.01,0.03,0.14,40.3,5.0,114.5,0.03,232,0.61,0.98,17.4,494.0,27.5,12.1,0.59,5.6,1.3,3.0,6.7,0.01,1.12,46,0.6,13.14,39,3.2
LG-0055,CDI 220,331602,7934609,Patos de Minas,0.03,1.79,10.0,155.0,1.4,0.3,0.11,0.19,61.43,23.4,74,0.91,32.6,5.44,10.2,0.2,0.01,0.05,0.16,30.3,4.0,91.73,0.05,1406,1.23,0.65,26.7,529.0,29.1,12.4,0.61,8.8,1.5,6.7,6.7,0.01,1.28,88,0.6,11.9,46,5.4
MR-0201,CDD695,308298,7925486,Patos de Minas,0.02,0.82,4.0,62.0,0.4,0.14,0.03,0.01,35.77,6.9,27,0.41,17.6,3.0,4.4,0.05,0.03,0.04,0.11,15.7,1.0,51.47,0.03,216,0.75,0.5,12.0,220.0,12.0,7.9,0.28,3.5,0.8,4.3,5.8,0.02,0.77,47,0.2,2.4,21,3.3
MR-0202,CDD696,308958,7925544,Patos de Minas,0.03,1.22,6.0,52.0,0.8,0.18,0.02,0.03,52.56,8.0,24,0.82,17.7,2.94,5.1,0.13,0.02,0.02,0.11,22.6,3.0,75.16,0.03,164,0.62,0.43,11.3,249.0,20.7,9.4,0.22,4.2,0.9,3.0,7.4,0.01,1.0,42,0.2,3.7,35,5.5
MR-0203,CDD697,305099,7922726,Patos de Minas,0.02,1.07,3.0,75.0,0.6,0.1,0.06,0.02,42.58,3.7,19,0.32,13.6,2.05,3.8,0.05,0.01,0.02,0.1,18.1,1.0,60.68,0.03,136,0.49,0.4,9.5,308.0,8.7,9.8,0.1,3.7,0.9,9.0,5.7,0.01,0.89,25,0.1,2.22,25,2.3
MR-0204,CDD698,306689,7923277,Patos de Minas,0.03,1.36,4.0,67.0,0.8,0.16,0.04,0.01,48.62,6.9,29,0.65,16.7,2.87,5.6,0.13,0.02,0.03,0.1,19.5,2.0,68.12,0.04,189,0.63,0.72,12.2,274.0,12.6,9.3,0.23,4.5,1.0,6.4,6.7,0.02,0.91,45,0.1,3.06,24,6.4
MR-0205,CDD699,302787,7919592,Patos de Minas,0.07,4.28,14.0,200.0,1.3,0.33,0.13,0.02,105.95,33.9,66,3.13,35.9,12.45,13.5,0.31,0.07,0.02,0.13,27.9,9.0,133.85,0.05,1360,1.51,2.2,33.3,1242.0,16.1,27.7,0.42,10.4,12.5,18.2,10.8,0.03,1.63,107,0.1,6.36,65,18.6
MR-0206,CDD700,303091,7916937,Patos de Minas,0.08,4.09,4.0,151.0,1.0,0.2,0.07,0.03,103.68,12.3,111,2.45,34.0,6.02,13.9,0.56,0.02,0.08,0.11,23.7,4.0,127.38,0.09,416,1.38,4.23,35.8,1511.0,9.4,15.5,0.52,11.5,2.9,15.0,10.8,0.11,1.78,145,0.2,5.6,37,49.3
MR-0207,CDD701,308152,7915221,Patos de Minas,0.06,3.94,4.0,258.0,2.0,0.16,0.27,0.08,181.69,108.2,1101,0.92,61.4,11.5,16.0,0.73,0.09,0.07,0.04,50.5,3.0,232.19,0.2,641,1.65,8.63,588.0,2320.0,9.4,9.3,0.46,20.1,35.2,46.5,13.2,0.22,2.82,214,0.3,13.54,174,42.1
MR-0208,CDD702,305455,7913164,Patos de Minas,0.02,1.45,4.0,237.0,1.8,0.08,0.23,0.09,170.95,196.8,4180,0.31,29.8,15.0,8.8,1.02,0.05,0.1,0.02,69.3,1.0,240.25,2.25,2595,1.27,4.16,1284.8,1315.0,4.9,1.8,0.3,13.0,2.9,51.2,13.2,0.57,2.2,197,0.9,9.62,171,36.1
MR-0209,CDD703,304352,7911327,Patos de Minas,0.05,1.93,3.0,244.0,2.2,0.08,0.23,0.26,291.99,262.2,3158,0.44,35.1,15.0,12.0,0.99,0.03,0.1,0.01,175.3,1.0,467.29,3.7,3169,1.42,3.72,1565.0,1480.0,5.5,1.4,0.22,16.5,2.8,38.9,20.1,0.54,1.95,168,0.1,19.66,194,34.5
MR-0210A,CDD704,305888,7907352,Patos de Minas,0.03,11.09,6.0,96.0,2.3,0.42,0.1,0.1,158.02,17.0,1587,0.22,28.3,8.71,33.8,0.53,0.07,0.17,0.01,42.1,1.0,200.12,0.07,185,3.62,21.7,118.7,2388.0,11.3,0.7,0.83,15.9,10.4,16.2,31.4,0.11,3.53,274,0.5,12.14,58,29.6
MR-0211,CDD705,305520,7915678,Patos de Minas,0.05,3.32,2.0,104.0,0.4,0.1,0.08,0.08,163.73,19.2,717,0.4,25.4,7.26,14.0,1.04,0.03,0.08,0.01,31.1,1.0,194.83,0.16,439,1.53,5.02,148.8,919.0,6.2,1.1,0.45,12.5,3.4,19.5,16.8,0.25,2.15,186,0.3,3.86,51,70.6
MR-0212,CDD706,307288,7917333,Patos de Minas,0.03,1.72,2.0,137.0,1.1,0.07,0.09,0.05,73.16,19.2,757,0.51,22.8,4.53,8.0,0.49,0.01,0.08,0.03,23.3,2.0,96.46,0.1,528,0.93,4.67,136.1,1008.0,4.9,3.1,0.26,7.5,2.1,25.6,8.1,0.2,1.38,102,0.1,5.37,87,28.8
MR-0213,CDI 221,316437,7932128,Patos de Minas,0.04,1.16,27.0,299.0,0.8,0.56,0.02,0.09,90.58,34.4,31,1.05,48.8,5.73,7.7,0.2,0.02,0.04,0.16,39.1,6.0,129.68,0.05,1324,0.98,0.31,29.3,397.0,68.8,13.1,0.9,4.8,0.8,6.6,11.3,0.01,1.51,61,0.4,9.86,46,3.4
MR-0214,CDI 222,315478,7932620,Patos de Minas,0.09,1.24,26.0,443.0,0.6,0.6,0.02,0.09,106.73,43.7,33,1.04,54.4,5.77,8.4,0.39,0.02,0.02,0.15,48.4,8.0,155.13,0.06,1805,0.82,0.55,31.8,356.0,81.1,12.7,0.75,4.6,0.9,6.6,12.2,0.01,1.64,63,0.1,12.3,50,1.1
MR-0215,CDI 223,315631,7933104,Patos de Minas,0.03,1.54,11.0,71.0,0.7,0.31,0.03,0.08,31.71,12.6,24,1.28,27.9,5.75,6.3,0.09,0.02,0.04,0.13,12.9,5.0,44.61,0.03,330,1.23,0.44,20.6,567.0,22.2,13.5,0.98,4.9,1.0,7.3,6.3,0.01,0.89,43,0.2,4.13,42,3.3
MR-0216,CDI 224,317205,7929885,Patos de Minas,0.04,1.28,23.0,164.0,0.9,0.79,0.07,0.13,74.1,42.1,31,1.11,69.4,5.96,9.2,0.13,0.04,0.05,0.19,41.9,13.0,116.0,0.06,2125,1.39,0.26,43.7,521.0,49.5,16.5,0.89,5.8,1.0,9.8,10.2,0.01,1.4,54,0.3,9.27,54,0.5
MR-0217,CDI 225,311139,7931355,Patos de Minas,0.04,0.67,6.0,55.0,0.7,0.2,0.02,0.11,57.15,13.0,18,0.85,19.1,2.68,3.9,0.13,0.01,0.02,0.11,27.4,3.0,84.55,0.04,301,0.41,0.21,13.3,230.0,26.8,11.2,0.36,2.4,0.7,3.5,8.2,0.01,1.12,33,0.2,6.06,28,4.5
MR-0218,CDI 226,311492,7938343,Patos de Minas,0.04,2.89,6.0,73.0,0.6,0.25,0.02,0.08,48.87,13.2,43,1.26,26.3,2.43,11.9,0.11,0.01,0.05,0.1,24.0,4.0,72.87,0.03,241,0.83,0.56,21.7,310.0,19.6,9.2,0.39,5.4,2.0,8.3,9.2,0.02,1.18,66,0.4,10.17,33,7.9
MR-0219,CDI 227,312328,7940681,Patos de Minas,0.07,1.73,18.0,81.0,1.1,0.52,0.03,0.21,85.36,28.3,44,1.43,42.6,6.28,9.7,0.11,0.02,0.05,0.13,34.8,8.0,120.16,0.07,708,1.53,0.47,30.0,425.0,35.1,11.8,0.78,5.4,1.5,8.3,12.8,0.01,1.2,72,0.7,8.72,55,3.4
MR-0220A,CDI 228,313358,7936641,Patos de Minas,0.06,0.99,17.0,200.0,0.9,0.4,0.02,0.16,91.9,25.4,25,0.86,46.1,4.8,6.5,0.18,0.02,0.02,0.15,39.4,6.0,131.3,0.06,877,0.74,0.25,25.6,342.0,54.4,14.1,0.74,3.9,0.9,6.7,12.0,0.01,1.53,61,0.8,7.79,41,5.2
MR-0221,CDI 229,310136,7939132,Patos de Minas,0.08,1.1,2.0,5.0,0.1,0.12,0.01,0.06,6.13,0.4,14,0.13,4.6,0.75,5.0,0.06,0.01,0.02,0.01,3.3,1.0,9.43,0.01,36,0.59,0.42,2.1,58.0,11.0,0.9,0.18,2.5,1.5,0.6,2.6,0.01,0.22,24,0.2,0.88,4,3.6
MR-0222,CDI 230,305176,7939423,Patos de Minas,0.13,4.69,1.0,22.0,1.0,0.21,0.02,0.15,52.37,0.9,38,1.58,14.8,1.44,14.8,0.09,0.06,0.07,0.04,39.2,3.0,91.57,0.01,81,1.04,0.39,8.5,693.0,39.6,3.8,0.24,4.5,2.4,2.0,3.2,0.01,0.69,141,0.6,9.46,30,3.0
MR-0223,CDI 231,310390,7928631,Patos de Minas,0.02,0.52,6.0,58.0,0.5,0.17,0.01,0.09,52.89,9.9,15,0.51,15.9,2.91,2.8,0.12,0.01,0.02,0.11,23.6,1.0,76.49,0.02,307,0.52,0.33,10.1,177.0,32.2,8.4,0.42,2.6,0.6,3.5,7.8,0.01,1.08,37,0.6,3.72,27,4.7
MR-0224,CDI 232,307095,7928458,Patos de Minas,0.05,0.55,6.0,44.0,0.2,0.12,0.01,0.2,20.65,4.9,28,0.25,15.7,2.38,3.5,0.14,0.01,0.02,0.06,9.2,1.0,29.85,0.02,181,0.71,0.72,11.1,138.0,19.0,5.1,0.35,2.8,0.9,2.9,4.8,0.02,0.7,42,0.7,1.74,14,5.7
MR-0225,CDI 233,306547,7930616,Patos de Minas,0.07,1.22,6.0,38.0,0.3,0.17,0.01,0.1,26.44,4.4,24,0.62,21.3,2.98,5.7,0.13,0.01,0.04,0.08,8.9,1.0,35.34,0.02,129,0.54,0.44,9.2,217.0,14.6,7.7,0.3,4.5,1.3,3.8,6.5,0.01,0.75,40,0.3,1.4,13,9.2
MR-0226,CDI 234,306537,7931215,Patos de Minas,0.08,1.1,4.0,72.0,0.4,0.15,0.01,0.06,45.73,3.5,41,0.64,17.6,1.85,4.8,0.07,0.01,0.03,0.09,18.7,2.0,64.43,0.02,64,0.7,0.83,10.1,269.0,17.9,11.1,0.39,3.7,1.5,4.5,7.4,0.01,1.19,81,0.2,2.76,16,4.6
MR-0227,CDI 235,306152,7931134,Patos de Minas,0.06,0.79,4.0,38.0,0.2,0.14,0.01,0.04,21.62,3.6,25,0.36,27.2,2.3,4.1,0.21,0.04,0.02,0.09,10.0,1.0,31.62,0.02,116,0.61,0.53,7.9,111.0,15.6,7.8,0.32,3.2,1.1,4.0,5.1,0.02,0.64,41,0.6,2.4,14,9.1
MR-0228,CDI 236,301640,7932287,Patos de Minas,0.06,6.74,6.0,24.0,0.3,0.38,0.01,0.03,21.66,1.1,72,0.69,13.7,2.71,24.3,0.23,0.03,0.11,0.04,11.5,1.0,33.16,0.01,63,1.76,0.98,8.4,289.0,17.0,3.3,0.37,9.8,3.6,2.5,9.8,0.01,0.71,122,0.1,3.17,17,13.9
MR-0229,CDI 237,306329,7936497,Patos de Minas,0.08,5.98,4.0,34.0,0.7,0.32,0.01,0.19,41.0,0.9,51,0.51,19.6,2.35,19.8,0.24,0.12,0.07,0.03,33.3,1.0,74.3,0.01,32,1.41,4.09,8.2,903.0,42.6,1.6,0.36,6.4,2.9,2.3,5.9,0.01,0.76,99,0.5,7.32,12,7.0
MR-0230A,CDI 238,310091,7934642,Patos de Minas,0.02,0.66,2.0,33.0,0.2,0.1,0.01,0.04,29.21,4.1,11,0.35,8.3,1.49,2.9,0.05,0.01,0.02,0.05,12.0,1.0,41.21,0.01,104,0.37,0.19,4.2,126.0,10.5,5.2,0.19,2.0,0.7,2.2,5.1,0.01,0.58,24,0.1,2.02,7,4.2
MR-0231,CDI 239,305326,7953536,Patos de Minas,0.04,0.3,2.0,45.0,0.3,0.08,0.02,0.12,35.02,3.4,5,0.33,6.7,1.15,1.6,0.06,0.01,0.02,0.1,17.6,1.0,52.62,0.02,135,0.22,0.26,3.8,97.0,12.2,7.3,0.16,1.1,0.5,2.5,5.7,0.01,0.63,9,0.3,3.16,8,3.8
MR-0232,CDI 240,315543,7938235,Patos de Minas,0.05,0.74,18.0,182.0,0.6,0.51,0.02,0.17,84.42,24.8,30,0.78,40.5,6.23,5.9,0.33,0.01,0.03,0.14,28.6,4.0,113.02,0.03,915,1.06,0.36,25.7,334.0,47.4,9.8,1.07,4.2,0.7,8.7,10.5,0.01,1.55,60,0.7,5.66,35,8.0
SM-0141,CDE068,301641,7914572,Patos de Minas,0.09,2.7,4.0,167.0,0.7,0.11,0.09,0.11,65.1,15.7,85,1.22,21.7,6.06,8.7,0.37,0.02,0.02,0.05,15.1,1.0,80.2,0.05,775,1.02,2.85,26.8,471.0,12.3,5.6,0.32,8.0,2.0,18.2,6.6,0.07,1.06,82,0.1,3.67,75,18.8
SM-0142,CDE069,300940,7915091,Patos de Minas,0.08,2.54,3.0,187.0,1.0,0.11,0.09,0.05,70.66,12.9,73,1.93,56.9,3.97,7.9,0.26,0.01,0.03,0.1,23.4,5.0,94.06,0.07,538,0.92,2.52,31.7,550.0,10.7,11.1,0.3,8.0,2.0,28.4,5.8,0.06,1.2,75,0.1,5.73,42,12.1
SM-0143,CDE070,301841,7915836,Patos de Minas,0.07,2.13,3.0,151.0,1.0,0.13,0.06,0.1,55.34,16.5,67,1.58,25.3,4.34,6.7,0.46,0.03,0.02,0.11,19.0,3.0,74.34,0.09,607,0.68,3.0,28.2,513.0,11.7,12.5,0.28,6.9,1.7,19.6,6.1,0.09,1.0,71,0.2,4.06,29,24.7
SM-0144,CDE071,298745,7921853,Patos de Minas,0.03,1.61,6.0,68.0,0.5,0.22,0.02,0.06,43.75,8.1,35,0.69,21.3,3.91,5.4,0.18,0.05,0.02,0.13,20.2,1.0,63.95,0.03,249,0.77,0.44,12.6,234.0,16.9,8.1,0.35,4.0,1.1,5.7,7.6,0.01,0.79,40,0.3,3.05,24,8.7
SM-0145,CDE072,299311,7909226,Patos de Minas,0.06,0.75,2.0,173.0,0.6,0.06,0.07,0.13,33.39,9.8,33,0.61,12.2,2.14,2.3,0.11,0.01,0.02,0.05,14.3,1.0,47.69,0.06,564,0.5,2.19,17.2,368.0,13.3,5.5,0.17,2.8,1.2,27.4,2.5,0.06,0.53,33,0.1,3.09,16,4.8
SM-0146,CDE073,296507,7909706,Patos de Minas,0.07,3.17,3.0,132.0,1.3,0.16,0.08,0.09,63.32,11.0,71,2.21,23.9,3.76,7.5,0.28,0.02,0.02,0.09,20.0,5.0,83.32,0.06,249,0.79,2.47,24.7,513.0,14.3,9.6,0.34,7.4,2.4,16.4,6.2,0.07,1.12,81,0.2,4.34,32,16.3
SM-0147,CDE074,296300,7908339,Patos de Minas,0.07,1.36,2.0,159.0,0.8,0.1,0.04,0.14,46.19,7.9,46,0.89,14.7,2.59,3.7,0.18,0.01,0.02,0.05,18.2,2.0,64.39,0.05,270,0.57,1.96,18.0,326.0,16.2,5.3,0.2,4.3,1.5,26.7,4.0,0.06,0.71,52,0.1,3.94,14,8.9
SM-0148,CDE075,296341,7905752,Patos de Minas,0.04,0.88,2.0,130.0,0.7,0.05,0.02,0.04,33.65,4.9,46,0.61,13.8,2.57,2.8,0.21,0.01,0.02,0.03,14.7,1.0,48.35,0.03,140,0.43,1.74,18.0,374.0,5.2,3.3,0.12,3.3,1.3,25.8,3.1,0.06,0.57,44,0.1,2.95,13,11.4
SM-0149,CDE076,297667,7901720,Patos de Minas,0.16,2.37,2.0,228.0,10.1,0.08,0.2,0.12,62.42,27.6,68,2.05,32.1,2.14,5.3,0.13,0.2,0.02,0.04,22.6,4.0,85.02,0.1,240,0.5,0.86,61.9,1123.0,7.8,4.1,0.19,4.3,1.8,30.8,1.2,0.02,1.08,85,0.3,5.43,40,2.8
SM-0150A,CDE077,298245,7899098,Patos de Minas,0.5,5.9,2.0,104.0,6.1,0.19,0.1,0.07,229.58,2.7,201,2.86,177.8,2.14,11.9,0.2,0.05,0.03,0.03,162.5,3.0,392.08,0.05,48,0.81,1.55,27.0,594.0,25.5,3.7,0.4,12.5,3.0,14.6,3.4,0.04,3.03,172,0.2,35.52,16,6.1
SM-0151,CDE078,299434,7900851,Patos de Minas,0.55,3.59,1.0,191.0,30.5,0.1,0.2,0.22,112.97,155.1,163,2.71,58.7,2.83,7.5,0.2,0.06,0.03,0.04,40.1,5.0,153.07,0.09,1271,0.28,0.65,139.1,1151.0,16.3,4.4,0.17,5.6,2.1,40.0,1.4,0.01,2.21,77,0.2,23.76,31,2.8
SM-0152,CDE079,299921,7899374,Patos de Minas,0.22,3.62,1.0,291.0,5.3,0.13,0.3,0.16,72.13,9.4,79,2.96,32.4,1.62,7.2,0.08,0.09,0.02,0.06,26.6,6.0,98.73,0.1,102,0.55,0.8,42.4,1773.0,19.0,4.6,0.22,3.3,2.2,49.1,0.9,0.02,1.2,92,0.2,7.53,37,1.8
SM-0153,CDE080,301095,7899204,Patos de Minas,0.1,4.14,3.0,323.0,1.8,0.17,0.15,0.14,114.3,19.2,146,2.06,35.4,6.23,11.4,0.48,0.03,0.09,0.06,38.0,6.0,152.3,0.09,647,1.12,4.37,67.8,1098.0,16.4,8.4,0.38,12.5,3.3,45.2,10.1,0.12,1.74,157,0.2,8.56,43,25.7
SM-0154,CDE081,301541,7900851,Patos de Minas,0.08,3.21,3.0,268.0,1.2,0.11,0.09,0.09,87.69,12.7,126,1.19,26.6,5.32,8.2,0.35,0.02,0.04,0.05,27.5,2.0,115.19,0.09,335,1.16,4.21,44.2,1030.0,10.6,7.1,0.36,9.5,2.6,38.7,7.5,0.13,1.25,140,0.2,6.09,30,23.1
SM-0155,CDE082,300581,7920169,Patos de Minas,0.09,4.51,6.0,176.0,1.8,0.32,0.05,0.11,90.46,20.7,89,3.3,32.1,5.37,9.8,0.57,0.03,0.02,0.23,28.2,12.0,118.66,0.18,274,1.27,2.89,34.1,755.0,21.4,22.7,0.49,9.5,2.5,11.8,12.3,0.08,1.56,92,0.2,4.78,93,32.8
SM-0156,CDE083,301477,7919218,Patos de Minas,0.07,1.76,4.0,108.0,0.8,0.19,0.06,0.07,53.9,7.9,33,1.13,16.4,3.38,4.0,0.09,0.01,0.02,0.16,22.4,2.0,76.3,0.05,321,0.62,0.88,13.7,466.0,15.9,9.8,0.32,3.8,1.3,12.4,7.1,0.02,0.96,50,0.2,3.38,37,5.3
SM-0157,CDE084,301819,7921277,Patos de Minas,0.08,1.6,4.0,99.0,0.5,0.15,0.07,0.13,48.66,7.3,33,0.93,15.4,2.97,3.7,0.11,0.01,0.02,0.15,20.2,1.0,68.86,0.05,335,0.7,0.77,12.6,436.0,24.7,9.5,0.3,3.5,1.4,12.6,6.9,0.02,0.95,43,0.2,2.87,34,4.8
SM-0158,CDE085,297961,7924088,Patos de Minas,0.07,2.06,5.0,58.0,0.5,0.2,0.02,0.07,27.22,6.4,38,0.45,16.9,4.2,5.1,0.12,0.04,0.02,0.1,11.6,1.0,38.82,0.02,227,1.01,0.38,12.9,245.0,15.6,4.7,0.35,4.3,1.6,5.2,5.4,0.01,0.64,57,0.2,1.97,33,7.0
SM-0159,CDE086,329012,7915535,Patos de Minas,0.05,1.58,4.0,118.0,1.0,0.2,0.07,0.06,68.07,9.8,44,1.16,14.7,3.26,4.3,0.31,0.01,0.02,0.14,30.5,4.0,98.57,0.06,791,0.61,2.84,14.0,525.0,18.1,7.9,0.43,4.3,1.4,19.6,7.6,0.1,0.95,49,0.1,5.1,38,17.2
SM-0160A,CDE087,303006,7899278,Patos de Minas,0.23,2.29,3.0,218.0,1.2,0.09,0.09,0.09,67.27,16.7,108,1.14,23.2,5.16,6.6,0.36,0.01,0.04,0.04,24.6,2.0,91.87,0.08,457,1.04,3.62,43.1,733.0,8.7,5.8,0.31,7.4,2.4,38.1,6.4,0.12,1.07,103,0.1,6.03,26,17.6
SM-0161,CDE088,303973,7898557,Patos de Minas,0.08,3.16,2.0,216.0,2.6,0.1,0.05,0.17,76.52,11.8,111,2.03,22.8,2.98,7.9,0.23,0.03,0.03,0.04,30.0,6.0,106.52,0.08,138,0.7,3.01,48.6,692.0,16.1,4.4,0.24,7.9,2.6,33.0,5.6,0.1,1.23,113,0.1,7.01,35,10.0
SM-0162,CDI 241,307589,7948446,Patos de Minas,0.04,3.93,2.0,45.0,0.2,0.2,0.02,0.08,21.65,0.8,37,2.93,11.5,1.07,13.7,0.05,0.1,0.06,0.08,7.4,4.0,29.05,0.02,33,0.31,0.35,5.0,149.0,18.5,17.5,0.12,5.2,2.2,3.0,8.8,0.01,0.87,43,0.1,2.39,8,5.5
SM-0163,CDI 242,312079,7946927,Patos de Minas,0.03,0.96,7.0,55.0,0.2,0.22,0.03,0.07,56.52,8.9,19,0.5,18.5,3.07,4.2,0.24,0.01,0.02,0.1,26.5,3.0,83.02,0.04,255,0.68,0.58,10.7,204.0,19.5,7.9,0.35,2.5,0.7,4.2,9.4,0.01,0.9,35,0.2,4.82,24,8.2
SM-0164,CDI 243,309351,7944953,Patos de Minas,0.02,1.72,5.0,47.0,0.4,0.21,0.02,0.15,48.72,6.9,20,0.43,13.7,2.44,6.8,0.26,0.02,0.02,0.07,20.1,2.0,68.82,0.02,209,0.54,0.83,8.0,168.0,17.3,5.8,0.31,3.5,1.3,3.0,8.2,0.01,0.78,39,0.1,4.19,16,8.5
SM-0165,CDI 244,309186,7950084,Patos de Minas,0.1,8.56,2.0,31.0,1.0,0.36,0.01,0.1,140.17,1.7,80,6.18,32.1,1.32,31.7,0.18,0.02,0.13,0.05,46.2,10.0,186.37,0.02,51,0.78,0.61,16.3,554.0,44.6,9.0,0.25,16.0,4.6,1.9,11.1,0.01,2.88,107,1.0,13.04,16,8.6
SM-0166,CDI 245,311466,7951054,Patos de Minas,0.02,1.4,15.0,95.0,0.7,0.48,0.14,0.14,76.61,21.1,28,1.28,37.1,4.74,5.8,0.08,0.01,0.02,0.32,37.6,23.0,114.21,0.28,679,1.43,0.93,35.9,456.0,33.8,19.0,0.55,3.2,0.9,23.7,10.6,0.01,1.04,53,0.6,5.0,72,1.7
SM-0167,CDI 246,308027,7951934,Patos de Minas,0.01,1.36,3.0,57.0,0.6,0.21,0.01,0.09,47.4,5.3,22,0.67,25.1,1.43,5.9,0.18,0.01,0.02,0.09,21.7,4.0,69.1,0.02,122,0.5,0.37,10.9,147.0,22.4,7.8,0.26,3.1,1.1,2.2,7.9,0.01,0.81,34,0.2,3.71,20,8.9
SM-0168,CDI 247,309352,7953288,Patos de Minas,0.01,1.0,18.0,66.0,0.8,0.41,0.03,0.06,73.83,17.5,24,1.08,36.6,4.69,6.0,0.18,0.01,0.03,0.15,34.2,13.0,108.03,0.12,522,0.97,0.34,25.1,279.0,36.2,11.2,0.58,3.2,0.8,6.0,11.3,0.01,1.28,39,0.9,5.93,62,8.0
SM-0169,CDI 248,311222,7942877,Patos de Minas,0.01,5.24,7.0,28.0,0.2,0.46,0.02,0.07,59.1,3.1,58,1.33,16.7,2.86,21.4,0.48,0.04,0.08,0.06,16.6,4.0,75.7,0.02,95,1.48,0.48,8.8,273.0,16.1,7.7,0.44,9.9,3.8,2.6,13.1,0.01,1.26,89,0.1,6.9,17,20.3
SM-0170A,CDI 249,313640,7946063,Patos de Minas,0.04,1.4,13.0,99.0,0.5,0.33,0.06,0.24,73.98,15.3,53,1.04,29.3,4.45,6.6,0.33,0.03,0.04,0.18,34.2,10.0,108.18,0.12,494,0.86,0.64,32.4,453.0,29.5,10.8,1.39,4.9,1.3,18.9,10.7,0.03,0.99,73,0.5,6.56,50,10.8
SM-0171,CDI 250,310803,7944228,Patos de Minas,0.05,0.97,11.0,49.0,0.5,0.31,0.03,0.15,71.15,10.5,24,1.34,36.1,4.45,4.8,0.29,0.01,0.02,0.16,29.8,4.0,100.95,0.07,225,0.63,0.3,16.6,174.0,25.1,13.0,0.36,2.8,0.8,7.1,11.5,0.01,1.11,31,0.4,7.15,34,9.2
SM-0172,CDI 251,306601,7942737,Patos de Minas,0.03,1.97,3.0,19.0,0.2,0.11,0.01,0.08,20.66,0.9,21,0.58,7.1,1.58,6.9,0.05,0.01,0.03,0.05,9.7,1.0,30.36,0.01,33,0.54,0.37,3.1,143.0,10.9,4.6,0.2,2.9,1.4,2.2,4.1,0.01,0.47,40,0.4,1.95,6,3.3
SM-0173,CDI 252,307462,7943214,Patos de Minas,0.08,6.39,6.0,8.0,0.3,0.3,0.01,0.64,40.63,0.5,53,0.53,14.9,3.33,19.6,0.37,0.01,0.07,0.02,19.5,1.0,60.13,0.01,43,1.63,0.55,7.0,281.0,25.9,1.4,0.41,8.2,3.3,0.9,7.0,0.02,0.51,89,1.2,5.31,7,14.0
SM-0174,CDI 253,312050,7949144,Patos de Minas,0.09,1.5,16.0,700.0,1.6,0.36,0.25,0.2,132.79,34.6,65,3.92,51.9,7.84,8.8,0.92,0.01,0.05,0.38,71.1,16.0,203.89,0.31,862,1.01,0.75,76.5,2051.0,37.3,26.8,0.7,10.5,3.0,112.2,15.9,0.18,2.33,97,0.4,12.63,78,39.8
SM-0175,CDI 254,313552,7951931,Patos de Minas,0.01,1.47,14.0,96.0,0.6,0.39,0.09,0.18,77.81,18.4,27,1.64,37.3,4.61,6.0,0.28,0.01,0.02,0.32,41.2,25.0,119.01,0.38,667,0.88,0.36,29.3,327.0,45.4,15.5,0.45,3.0,1.1,16.8,11.8,0.01,1.0,40,0.4,7.7,75,9.0
SM-0176,CDI 255,323968,7941298,Patos de Minas,0.03,3.08,11.0,113.0,1.7,0.44,0.05,0.12,91.85,25.6,51,3.51,39.7,5.93,14.0,0.36,0.03,0.06,0.24,36.0,14.0,127.85,0.07,842,0.72,0.7,39.0,573.0,42.1,23.0,0.91,8.3,2.1,6.0,10.3,0.02,1.44,84,0.6,11.37,60,10.9
SM-0177,CDI 256,323289,7940361,Patos de Minas,0.03,1.68,8.0,98.0,1.1,0.36,0.07,0.06,82.56,14.4,35,1.45,30.5,4.81,8.6,0.19,0.04,0.04,0.16,45.3,5.0,127.86,0.04,582,0.6,0.42,22.4,494.0,31.7,13.8,0.68,5.3,1.3,6.0,7.9,0.01,1.0,49,0.3,15.48,43,5.6
SQ-0001,CDE374,291351,7915894,Patos de Minas,0.07,0.87,6.0,46.0,0.5,0.11,0.02,0.04,21.95,6.1,21,0.49,15.5,3.06,3.4,0.09,0.08,0.02,0.09,9.6,1.0,31.55,0.02,179,0.83,0.31,12.9,236.0,12.1,5.1,0.25,2.9,0.6,4.9,4.4,0.01,0.72,33,0.2,1.88,20,4.6
SQ-0002,CDE375,294556,7913169,Patos de Minas,0.08,10.09,9.0,62.0,1.6,0.51,0.03,0.06,72.73,5.8,88,6.13,32.5,5.08,31.3,0.42,0.03,0.12,0.09,20.0,7.0,92.73,0.03,152,1.48,1.04,15.6,434.0,18.3,13.8,0.87,16.6,4.3,4.4,16.1,0.03,1.97,146,0.3,3.97,22,25.2
SQ-0003,CDE376,290059,7910027,Patos de Minas,0.06,1.11,6.0,65.0,0.5,0.18,0.07,0.03,50.7,5.8,13,0.56,23.3,3.01,4.1,0.2,0.01,0.02,0.16,21.2,1.0,71.9,0.03,140,0.58,0.25,10.0,259.0,15.6,8.8,0.27,3.1,0.6,6.6,9.2,0.01,1.54,18,0.9,2.47,27,10.0
SQ-0004,CDE377,297158,7919733,Patos de Minas,0.06,0.97,4.0,34.0,0.6,0.08,0.01,0.02,16.05,3.7,16,0.56,11.1,2.07,3.1,0.05,0.04,0.04,0.06,9.5,1.0,25.55,0.01,96,0.63,0.19,8.8,213.0,7.1,3.4,0.19,2.5,0.5,3.7,3.1,0.01,0.5,29,0.1,1.84,13,2.0
SQ-0005,CDE378,295015,7918509,Patos de Minas,0.04,1.14,4.0,43.0,0.5,0.12,0.02,0.04,22.33,5.3,20,0.71,15.5,2.63,3.9,0.07,0.02,0.02,0.07,10.2,1.0,32.53,0.01,159,0.68,0.36,11.0,206.0,8.1,4.7,0.22,3.0,0.6,4.5,4.2,0.01,0.67,31,0.3,1.84,18,3.8
SQ-0006,CDE379,294132,7908377,Patos de Minas,0.08,1.24,2.0,84.0,0.5,0.09,0.03,0.03,35.29,7.8,38,0.88,17.5,2.19,5.3,0.25,0.01,0.03,0.06,13.6,1.0,48.89,0.04,212,0.54,1.61,16.0,267.0,5.8,5.7,0.21,4.1,0.9,12.1,4.3,0.1,0.65,60,0.1,2.77,24,13.0
SQ-0007,CDE380,294791,7906236,Patos de Minas,0.11,7.59,9.0,78.0,1.2,0.33,0.04,0.03,100.38,3.5,88,3.52,40.3,5.34,23.2,0.21,0.03,0.09,0.09,20.2,2.0,120.58,0.02,108,1.29,1.51,17.1,806.0,18.3,10.5,0.65,15.4,2.9,6.7,10.6,0.03,1.98,138,0.2,4.62,23,13.5
SQ-0008,CDE381,291272,7903217,Patos de Minas,0.08,6.2,3.0,75.0,2.4,0.28,0.06,0.01,70.4,4.6,53,5.31,30.9,1.93,19.3,0.09,0.07,0.06,0.08,47.2,11.0,117.6,0.03,132,0.72,0.67,15.6,608.0,19.3,11.6,0.33,9.6,2.5,8.9,5.5,0.02,1.77,85,0.2,9.68,26,3.3
SQ-0009,CDE382,294483,7907432,Patos de Minas,0.09,5.79,8.0,212.0,2.1,0.26,0.13,0.09,95.75,17.9,97,2.74,51.1,6.49,20.4,0.29,0.06,0.11,0.08,28.4,3.0,124.15,0.06,460,1.27,2.81,47.9,1116.0,15.0,11.2,0.6,16.0,2.8,28.3,10.3,0.06,1.94,138,0.2,8.36,33,15.8
SQ-0010A,CDE383,292295,7909619,Patos de Minas,0.04,2.7,5.0,72.0,0.7,0.21,0.04,0.04,47.14,7.3,45,1.55,25.4,3.2,9.2,0.14,0.03,0.04,0.07,14.7,2.0,61.84,0.03,185,0.64,1.05,16.7,504.0,11.9,7.2,0.35,6.3,1.3,8.8,6.2,0.05,1.02,68,0.2,3.04,30,7.9
SQ-0011,CDE384,291913,7913360,Patos de Minas,0.06,5.78,6.0,73.0,1.2,0.37,0.02,0.04,84.76,6.4,58,3.69,37.5,3.81,18.0,0.19,0.04,0.06,0.09,25.0,6.0,109.76,0.02,144,0.85,0.7,15.8,426.0,18.8,13.0,0.47,11.2,2.1,4.0,11.3,0.02,1.77,90,0.2,4.57,34,12.2
SQ-0012,CDE385,290745,7913371,Patos de Minas,0.05,0.97,4.0,46.0,0.7,0.11,0.01,0.03,26.0,4.6,17,0.56,12.7,2.11,3.5,0.08,0.01,0.04,0.08,11.2,1.0,37.2,0.01,100,0.5,0.24,9.2,197.0,7.8,5.5,0.2,2.6,0.5,3.5,4.7,0.01,0.69,28,0.2,1.84,16,3.7
SQ-0013,CDE386,290308,7912034,Patos de Minas,0.06,1.92,4.0,54.0,0.7,0.17,0.02,0.04,41.35,3.7,24,1.14,16.5,2.11,6.2,0.08,0.02,0.02,0.1,16.1,1.0,57.45,0.01,85,0.61,0.39,9.5,222.0,10.1,7.3,0.27,3.9,0.9,4.1,6.3,0.01,0.93,36,0.2,2.48,18,5.0
SQ-0014,CDE387,292726,7908370,Patos de Minas,0.06,5.27,15.0,68.0,0.8,0.51,0.06,0.04,88.8,12.0,62,2.19,49.5,7.57,18.3,0.44,0.02,0.03,0.15,16.3,2.0,105.1,0.04,493,1.16,0.53,22.1,1144.0,27.2,11.9,0.59,11.3,1.9,5.9,14.3,0.02,2.0,88,0.4,2.62,41,24.8
SQ-0015,CDE388,289975,7901686,Patos de Minas,0.12,9.24,8.0,53.0,3.1,0.43,0.06,0.06,102.01,7.2,75,5.31,47.4,4.59,26.4,0.19,0.06,0.09,0.08,82.8,10.0,184.81,0.02,142,1.03,0.79,18.3,648.0,32.8,10.4,0.64,17.4,3.4,6.2,10.7,0.02,2.6,129,0.3,15.76,27,9.1
SQ-0016,CDI 257,340397,7933862,Patos de Minas,0.06,1.91,5.0,113.0,1.1,0.28,0.03,0.12,80.47,17.1,98,1.48,33.1,4.48,9.2,0.2,0.01,0.04,0.17,35.6,9.0,116.07,0.07,544,0.63,1.0,25.3,488.0,47.1,14.8,0.72,5.8,1.6,10.3,9.4,0.04,1.08,61,0.2,7.22,40,7.7
SQ-0017,CDI 258,340352,7939523,Patos de Minas,0.05,4.58,6.0,107.0,1.0,0.34,0.13,0.05,127.31,7.5,96,3.45,31.9,5.34,17.1,0.16,0.09,0.07,0.24,37.7,12.0,165.01,0.09,608,1.26,1.74,25.0,680.0,23.3,38.9,0.73,11.8,3.4,16.8,11.4,0.05,1.37,103,0.1,7.06,36,8.0
SQ-0018,CDI 259,339477,7948268,Patos de Minas,0.1,3.91,5.0,646.0,2.2,0.21,0.13,0.24,200.76,65.0,179,1.82,89.0,14.59,22.5,0.39,0.03,0.11,0.15,96.8,8.0,297.56,0.14,2038,0.85,3.05,107.6,2733.0,34.7,20.5,0.52,23.8,5.1,194.7,13.4,0.25,2.8,201,0.8,17.88,55,23.6
SQ-0019,CDI 260,336867,7948790,Patos de Minas,0.04,2.11,4.0,347.0,1.2,0.18,0.09,0.29,112.56,27.0,202,1.45,45.8,6.81,11.8,0.71,0.01,0.05,0.15,56.7,7.0,169.26,0.11,960,0.63,2.07,59.7,1317.0,32.7,19.0,0.51,12.1,2.6,90.8,9.7,0.16,1.75,112,0.5,10.41,44,33.9
SQ-0020A,CDI 261,339604,7952821,Patos de Minas,0.23,2.31,1.0,1429.0,3.1,0.08,0.29,0.41,281.82,81.0,835,1.46,102.4,14.84,21.8,0.3,0.04,0.13,0.26,155.9,8.0,437.72,0.91,2069,0.28,3.16,234.8,2669.0,43.3,37.6,0.27,27.9,5.2,354.3,21.9,0.97,3.49,225,0.8,24.83,96,17.8
SQ-0021,CDI 262,337232,7952778,Patos de Minas,0.11,2.86,2.0,1750.0,4.0,0.1,0.35,0.3,319.16,76.7,377,2.07,105.2,12.9,22.2,0.22,0.03,0.13,0.32,175.7,9.0,494.86,0.82,2038,0.45,3.47,204.9,3548.0,22.9,50.0,0.27,28.4,5.4,435.1,18.2,0.69,3.38,208,0.8,29.3,101,10.2
SQ-0022,CDI 263,336135,7942954,Patos de Minas,0.09,1.53,10.0,194.0,1.6,0.4,0.08,0.24,100.79,43.1,168,1.42,67.4,7.5,10.8,0.48,0.03,0.05,0.13,51.8,12.0,152.59,0.16,1724,0.9,0.72,61.7,883.0,54.6,12.1,0.94,10.2,1.8,28.5,9.4,0.07,1.7,110,0.5,12.73,80,11.4
SQ-0023,CDI 264,336352,7942438,Patos de Minas,0.03,1.36,7.0,81.0,1.2,0.25,0.07,0.27,57.58,16.3,38,1.35,21.9,3.4,6.9,0.18,0.02,0.03,0.1,29.8,6.0,87.38,0.06,639,0.49,0.48,21.7,481.0,32.9,10.1,0.51,4.1,1.3,8.9,5.7,0.02,0.79,44,0.2,9.51,38,5.6
SQ-0024,CDI 265,335287,7949753,Patos de Minas,0.07,2.04,3.0,1184.0,3.6,0.22,0.26,0.72,205.08,56.6,152,2.12,97.8,7.98,14.2,0.44,0.01,0.09,0.3,119.6,10.0,324.68,0.62,1464,0.42,3.32,139.8,2803.0,43.6,52.4,0.35,18.8,3.4,259.3,12.1,0.37,2.28,148,0.4,22.78,85,29.9
SQ-0025,CDI 266,335059,7948312,Patos de Minas,0.06,1.53,6.0,501.0,1.7,0.31,0.18,0.45,127.31,42.9,171,1.67,55.9,6.27,10.0,0.76,0.04,0.06,0.19,66.2,10.0,193.51,0.47,1369,0.64,1.82,90.4,1363.0,45.3,24.1,0.69,10.5,2.2,95.8,10.3,0.23,1.56,102,0.5,14.89,70,37.5
SQ-0026,CDI 267,335904,7946921,Patos de Minas,0.05,1.72,11.0,112.0,1.1,0.41,0.04,1.9,95.4,28.2,62,1.93,48.8,5.16,9.4,0.26,0.01,0.03,0.13,48.7,9.0,144.1,0.08,1344,0.84,0.65,35.7,560.0,70.9,14.0,0.8,6.2,1.6,10.6,10.0,0.03,1.22,66,1.1,12.73,51,7.4
SQ-0027,CDI 268,338756,7932668,Patos de Minas,0.07,2.83,10.0,112.0,1.0,0.35,0.07,0.1,83.34,21.1,62,2.25,31.5,5.1,12.5,0.1,0.07,0.04,0.1,34.6,7.0,117.94,0.04,1487,1.14,0.72,24.0,599.0,33.6,15.3,0.84,7.3,2.0,7.3,8.4,0.02,1.28,77,0.3,10.0,34,0.5
SQ-0028,CDI 269,339148,7936874,Patos de Minas,0.04,2.48,8.0,70.0,1.1,0.4,0.03,0.19,89.5,11.7,66,2.1,160.0,5.27,11.5,0.14,0.03,0.05,0.14,39.1,7.0,128.6,0.04,648,0.75,0.64,20.7,441.0,106.6,21.1,0.74,7.2,2.0,4.7,8.7,0.02,1.09,68,0.2,10.99,35,4.4
SQ-0029,CDI 270,336332,7935842,Patos de Minas,0.06,1.1,6.0,70.0,1.2,0.3,0.04,0.42,66.62,23.1,30,0.88,58.4,3.79,6.9,0.05,0.07,0.02,0.16,31.3,8.0,97.92,0.03,1562,0.58,0.2,26.3,543.0,126.6,13.3,0.63,3.4,1.1,3.7,5.2,0.01,0.74,37,0.6,9.21,53,0.5
SQ-0030A,CDI 271,332271,7947548,Patos de Minas,0.04,1.95,5.0,873.0,2.7,0.27,0.28,0.4,194.17,60.7,187,2.24,82.3,8.63,13.7,0.69,0.02,0.08,0.27,107.4,14.0,301.57,0.68,1924,0.46,2.55,138.8,2246.0,46.4,36.9,0.71,15.9,2.9,210.1,13.0,0.32,2.17,147,0.2,21.38,86,33.0
SQ-0031,CDI 272,330164,7948238,Patos de Minas,0.06,1.32,7.0,295.0,1.2,0.32,0.13,0.33,95.17,41.1,170,2.06,45.5,5.97,8.5,0.78,0.01,0.03,0.19,50.9,13.0,146.07,0.42,1207,0.55,1.64,78.8,1015.0,39.1,20.7,0.78,7.4,1.7,59.2,8.5,0.21,1.15,86,0.3,11.56,73,31.1
SQ-0032,CDI 273,331455,7937382,Patos de Minas,0.03,1.4,8.0,97.0,0.8,0.33,0.05,0.08,61.6,26.4,33,1.21,22.2,3.68,7.5,0.15,0.01,0.02,0.1,30.9,5.0,92.5,0.03,1507,0.6,0.34,20.9,450.0,23.5,10.0,0.56,3.9,1.9,3.0,6.1,0.01,0.82,44,0.1,9.15,41,0.5
SQ-0033,CDI 274,332189,7937202,Patos de Minas,0.05,2.17,8.0,168.0,1.1,0.34,0.11,0.18,90.12,23.0,45,1.75,32.9,4.82,10.5,0.09,0.05,0.04,0.12,50.1,6.0,140.22,0.08,690,0.71,0.78,32.1,621.0,25.0,14.9,0.65,7.4,1.7,8.6,7.2,0.02,1.09,68,0.2,18.6,56,3.3
SQ-0034,CDI 275,328958,7941348,Patos de Minas,0.04,1.19,6.0,105.0,0.7,0.3,0.05,0.09,57.99,22.7,59,1.6,23.5,3.68,6.2,0.29,0.02,0.03,0.11,30.1,9.0,88.09,0.14,678,0.34,0.6,33.3,485.0,20.5,12.3,0.56,4.3,1.3,14.4,5.9,0.05,0.74,46,0.1,7.5,47,10.3
SQ-0035,CDI 276,334176,7940943,Patos de Minas,0.01,1.59,5.0,96.0,0.8,0.32,0.06,0.15,64.26,16.0,49,1.81,24.6,3.5,7.6,0.29,0.01,0.03,0.11,32.6,7.0,96.86,0.1,507,0.64,0.64,27.8,459.0,22.2,13.4,0.68,5.3,1.5,15.4,6.9,0.03,0.91,51,0.1,8.68,44,11.5
SQ-0036,CDI 277,334562,7940075,Patos de Minas,0.04,1.78,9.0,91.0,0.9,0.32,0.07,0.09,71.54,19.0,42,1.56,26.5,3.9,8.9,0.1,0.01,0.03,0.11,35.4,5.0,106.94,0.04,1013,0.54,0.59,21.3,510.0,23.8,12.8,0.63,5.7,1.9,4.2,6.8,0.01,1.02,54,0.1,10.84,46,1.3
SQ-0037,CDI 278,291788,7937520,Patos de Minas,0.04,0.69,3.0,50.0,0.4,0.11,0.02,0.09,44.39,3.0,12,0.43,11.4,1.69,2.8,0.06,0.01,0.02,0.09,21.9,1.0,66.29,0.01,55,0.27,0.16,7.0,226.0,11.3,9.8,0.24,2.0,1.1,7.9,6.5,0.01,0.69,35,0.3,2.56,16,3.2
SQ-0038,CDI 279,290289,7939846,Patos de Minas,0.04,2.68,9.0,145.0,1.0,0.28,0.02,0.16,146.42,21.1,319,3.06,52.6,7.59,13.4,2.27,0.01,0.09,0.08,50.2,3.0,196.62,0.05,320,0.99,3.47,59.7,492.0,29.4,14.0,0.46,11.8,2.9,20.3,15.4,0.11,2.05,155,2.8,9.78,53,111.0
SQ-0039,CDI 280,296270,7949993,Patos de Minas,0.04,1.53,1.0,33.0,0.5,0.14,0.01,0.04,45.73,2.0,39,1.3,15.1,1.58,6.3,0.05,0.02,0.03,0.04,18.6,2.0,64.33,0.01,48,0.43,0.28,7.0,232.0,21.0,7.7,0.24,3.3,1.5,1.8,4.8,0.01,0.83,43,0.4,3.42,11,2.9
SQ-0040A,CDI 281,296118,7949653,Patos de Minas,0.01,0.89,2.0,17.0,0.2,0.07,0.01,0.11,22.7,1.5,31,0.39,9.6,1.03,3.9,0.08,0.01,0.02,0.01,10.2,1.0,32.9,0.01,22,0.34,0.61,4.7,97.0,16.8,2.4,0.16,2.4,1.1,2.7,3.3,0.01,0.46,33,0.1,3.65,14,5.7
TC-0034,CDE 311,326452,7916950,Patos de Minas,0.04,1.26,3.0,88.0,0.8,0.13,0.03,0.03,47.22,11.1,89,1.14,22.8,2.66,5.0,0.08,0.02,0.08,0.09,19.3,3.0,66.52,0.07,311,0.53,1.68,30.1,486.0,10.9,8.6,0.29,4.0,1.2,8.7,5.7,0.05,0.8,39,0.2,3.9,31,5.6
TC-0035,CDE 312,329089,7916738,Patos de Minas,0.07,2.3,9.0,160.0,1.4,0.52,0.07,0.06,82.09,31.1,60,1.87,49.7,5.69,9.6,0.12,0.04,0.02,0.26,36.9,6.0,118.99,0.08,2221,1.05,0.5,42.8,628.0,37.5,15.1,0.91,6.4,1.7,7.4,9.2,0.02,1.27,58,0.2,10.99,56,5.5
TC-0036,CDE 313,326994,7915197,Patos de Minas,0.09,2.24,6.0,226.0,1.8,0.29,0.08,0.06,91.54,23.8,128,2.1,30.4,5.36,9.1,0.13,0.06,0.03,0.11,40.6,5.0,132.14,0.08,1950,0.82,2.22,58.5,773.0,22.7,12.8,0.62,7.8,1.9,17.2,9.2,0.05,1.33,73,0.2,10.22,51,7.0
TC-0037,CDE 314,327407,7911937,Patos de Minas,0.07,2.21,7.0,172.0,1.1,0.26,0.09,0.04,79.87,21.1,43,2.0,26.1,4.75,8.2,0.08,0.03,0.07,0.1,32.5,6.0,112.37,0.07,2170,0.87,1.69,24.3,741.0,22.0,12.1,0.61,6.5,1.8,20.8,7.4,0.03,1.19,64,0.2,8.1,45,4.7
TC-0038,CDE 315,328659,7907617,Patos de Minas,0.17,2.69,18.0,108.0,1.0,0.33,0.06,0.12,82.37,28.4,32,2.7,26.6,15.0,9.7,0.09,0.05,0.03,0.13,32.9,2.0,115.27,0.04,1260,2.59,0.61,19.5,1473.0,33.5,11.9,0.85,6.4,1.9,7.2,5.6,0.01,1.04,65,0.6,12.01,40,0.5
TC-0039,CDE 316,323759,7905774,Patos de Minas,0.05,1.91,7.0,173.0,0.9,0.22,0.11,0.06,71.16,20.7,41,1.74,25.8,4.92,7.8,0.13,0.06,0.02,0.09,29.5,5.0,100.66,0.08,1418,0.89,2.08,21.3,838.0,17.2,12.3,0.52,6.4,1.5,26.5,7.0,0.04,1.18,64,0.1,7.0,45,7.1
TC-0040A,CDE 317,327751,7905051,Patos de Minas,0.05,2.94,9.0,84.0,1.1,0.32,0.03,0.03,74.03,22.6,41,2.35,27.8,7.08,10.3,0.06,0.03,0.03,0.19,34.2,5.0,108.23,0.06,790,0.72,0.53,26.4,588.0,20.2,14.7,0.77,7.3,2.0,3.6,7.6,0.01,0.97,62,0.2,9.85,45,2.9
